Date;PX_LAST
03/01/95;3,6951
04/01/95;3,6951
05/01/95;3,6951
09/01/95;3,6951
10/01/95;3,6988
11/01/95;3,6988
12/01/95;3,6988
13/01/95;3,7025
16/01/95;3,71
17/01/95;3,71
18/01/95;3,71
19/01/95;3,71
20/01/95;3,71
23/01/95;3,71
24/01/95;3,71
25/01/95;3,71
26/01/95;3,71
27/01/95;3,71
30/01/95;3,7471
31/01/95;3,7471
01/02/95;3,7471
02/02/95;3,7656
03/02/95;3,7841
06/02/95;3,8027
07/02/95;3,8027
08/02/95;3,8212
09/02/95;3,8212
10/02/95;3,8212
13/02/95;3,8212
14/02/95;3,8212
15/02/95;3,8212
16/02/95;3,8212
17/02/95;3,8212
20/02/95;3,8212
21/02/95;3,8212
22/02/95;3,8212
23/02/95;3,8212
24/02/95;3,8212
27/02/95;3,8398
28/02/95;3,8398
01/03/95;3,8398
02/03/95;3,8398
03/03/95;3,8398
06/03/95;3,8212
07/03/95;3,8398
08/03/95;3,8398
09/03/95;3,8398
10/03/95;3,8398
13/03/95;3,8398
14/03/95;3,8398
15/03/95;3,8398
16/03/95;3,8583
17/03/95;3,8583
20/03/95;3,8583
21/03/95;3,8583
22/03/95;3,8583
23/03/95;3,8583
24/03/95;3,8583
27/03/95;3,8583
28/03/95;3,8583
29/03/95;3,8583
30/03/95;3,8769
31/03/95;3,8769
03/04/95;3,8769
04/04/95;3,8769
05/04/95;3,8769
06/04/95;3,8769
07/04/95;3,8769
10/04/95;3,8769
11/04/95;3,8769
12/04/95;3,8769
13/04/95;3,8769
14/04/95;3,8769
18/04/95;3,8769
19/04/95;3,8954
20/04/95;3,8954
21/04/95;3,8954
24/04/95;3,8954
26/04/95;3,8954
27/04/95;3,914
28/04/95;3,914
02/05/95;3,914
03/05/95;3,7841
04/05/95;3,7841
05/05/95;3,7841
08/05/95;3,7841
09/05/95;3,7841
10/05/95;3,7841
11/05/95;3,7841
12/05/95;3,7841
15/05/95;3,7841
16/05/95;3,8027
17/05/95;3,8027
18/05/95;3,8027
19/05/95;3,8027
22/05/95;3,8027
23/05/95;3,8027
24/05/95;3,8027
25/05/95;3,8027
26/05/95;3,8027
29/05/95;3,8027
30/05/95;3,8027
31/05/95;3,8027
01/06/95;3,8027
02/06/95;3,8212
05/06/95;3,8212
06/06/95;3,8212
07/06/95;3,8212
08/06/95;3,8212
09/06/95;3,8212
12/06/95;3,8212
13/06/95;3,8212
14/06/95;3,8212
15/06/95;3,8212
16/06/95;3,8212
19/06/95;3,8212
20/06/95;3,8212
21/06/95;3,8212
22/06/95;3,8212
23/06/95;3,8212
26/06/95;3,8212
27/06/95;3,8212
28/06/95;3,8398
29/06/95;3,8398
30/06/95;3,8398
03/07/95;3,8398
04/07/95;3,8398
05/07/95;3,8398
06/07/95;3,8398
07/07/95;3,8398
10/07/95;3,8398
11/07/95;3,8398
12/07/95;3,8398
13/07/95;3,8398
14/07/95;3,8398
17/07/95;3,8398
18/07/95;3,8583
19/07/95;3,8583
20/07/95;3,8583
21/07/95;3,8583
24/07/95;3,8583
25/07/95;3,8583
26/07/95;3,8583
27/07/95;3,8583
28/07/95;3,8583
31/07/95;3,8583
01/08/95;3,8583
02/08/95;3,8583
03/08/95;3,8583
04/08/95;3,8583
07/08/95;3,8583
08/08/95;3,8583
09/08/95;3,8583
10/08/95;3,8583
11/08/95;3,8583
16/08/95;3,8583
17/08/95;3,8583
18/08/95;3,8583
21/08/95;3,8769
22/08/95;3,8769
23/08/95;3,8769
24/08/95;3,8769
25/08/95;3,8769
28/08/95;3,8769
29/08/95;3,8769
30/08/95;3,8769
31/08/95;3,8769
01/09/95;3,8954
04/09/95;3,8954
05/09/95;3,8954
06/09/95;3,8954
07/09/95;3,8954
08/09/95;3,8954
11/09/95;3,8954
12/09/95;3,8954
13/09/95;3,8954
14/09/95;3,8954
15/09/95;3,914
18/09/95;3,914
19/09/95;3,914
20/09/95;3,914
21/09/95;3,914
22/09/95;3,914
25/09/95;3,914
26/09/95;3,914
27/09/95;3,914
28/09/95;3,914
29/09/95;3,914
02/10/95;3,914
03/10/95;3,914
04/10/95;3,914
05/10/95;3,914
06/10/95;3,914
09/10/95;3,914
10/10/95;3,9325
11/10/95;3,9325
12/10/95;3,9325
13/10/95;3,9325
16/10/95;3,9325
17/10/95;3,9325
18/10/95;3,9325
19/10/95;3,9325
20/10/95;3,9325
23/10/95;3,9325
24/10/95;3,9325
25/10/95;3,9325
26/10/95;3,9325
27/10/95;3,9325
30/10/95;3,9325
31/10/95;3,9325
02/11/95;3,9511
03/11/95;3,9511
06/11/95;3,9511
07/11/95;3,9511
08/11/95;3,9511
09/11/95;3,9511
10/11/95;3,9511
13/11/95;3,9511
14/11/95;3,9511
15/11/95;3,9511
16/11/95;3,9511
17/11/95;3,9511
20/11/95;3,9511
21/11/95;3,9511
22/11/95;3,9511
23/11/95;3,9511
24/11/95;3,9511
27/11/95;3,9511
28/11/95;3,9511
29/11/95;3,9511
30/11/95;3,9511
01/12/95;3,9511
04/12/95;3,9511
05/12/95;3,9511
06/12/95;3,9511
07/12/95;3,9511
11/12/95;3,9511
12/12/95;3,9511
13/12/95;3,9511
14/12/95;3,9696
15/12/95;3,9696
18/12/95;3,9696
19/12/95;3,9696
20/12/95;3,9696
21/12/95;3,9696
22/12/95;3,9696
27/12/95;3,9696
28/12/95;3,9696
29/12/95;3,9696
02/01/96;3,9696
03/01/96;3,9882
04/01/96;3,9882
05/01/96;3,9882
08/01/96;3,9882
09/01/96;3,9882
10/01/96;3,9882
11/01/96;3,9882
12/01/96;3,9882
15/01/96;3,9882
16/01/96;3,9882
17/01/96;3,9882
18/01/96;3,9882
19/01/96;3,9882
22/01/96;3,9882
23/01/96;3,9882
24/01/96;4,0067
25/01/96;4,0067
26/01/96;4,0067
29/01/96;4,0067
30/01/96;4,0067
31/01/96;4,0067
01/02/96;4,0067
02/02/96;4,0067
05/02/96;4,0067
06/02/96;4,0067
07/02/96;4,0067
08/02/96;4,0067
09/02/96;4,0067
12/02/96;4,0067
13/02/96;4,0067
14/02/96;4,0067
15/02/96;4,0067
16/02/96;4,0067
19/02/96;4,0067
20/02/96;4,0067
21/02/96;4,0067
22/02/96;4,0067
23/02/96;4,0253
26/02/96;4,0253
27/02/96;4,0253
28/02/96;4,0253
29/02/96;4,0253
01/03/96;4,0253
04/03/96;4,0253
05/03/96;4,0253
06/03/96;4,0253
07/03/96;4,0253
08/03/96;4,0253
11/03/96;4,0253
12/03/96;4,0438
13/03/96;4,0438
14/03/96;4,0438
15/03/96;4,0438
18/03/96;4,0438
19/03/96;4,0438
20/03/96;4,0438
21/03/96;4,0438
22/03/96;4,0438
25/03/96;4,0438
26/03/96;4,0438
27/03/96;4,0438
28/03/96;4,0438
29/03/96;4,0438
01/04/96;4,0438
02/04/96;4,0438
03/04/96;4,0438
04/04/96;4,0438
05/04/96;4,0438
09/04/96;4,0438
10/04/96;4,0438
11/04/96;4,0438
12/04/96;4,0438
15/04/96;4,0438
16/04/96;4,0438
17/04/96;4,0438
18/04/96;4,0438
19/04/96;4,0438
22/04/96;4,0624
23/04/96;4,0624
24/04/96;4,0624
26/04/96;4,0624
29/04/96;4,0624
30/04/96;4,0624
02/05/96;4,0624
03/05/96;4,0809
06/05/96;3,9511
07/05/96;3,8954
08/05/96;3,9696
09/05/96;3,9696
10/05/96;3,9696
13/05/96;3,9696
14/05/96;3,9696
15/05/96;3,9696
16/05/96;3,9696
17/05/96;3,9696
20/05/96;3,9696
21/05/96;3,9696
22/05/96;3,9696
23/05/96;3,9696
24/05/96;3,9696
27/05/96;3,9696
28/05/96;3,9696
29/05/96;3,9696
30/05/96;3,9696
31/05/96;3,9696
03/06/96;3,9696
04/06/96;3,9696
05/06/96;3,9696
06/06/96;3,9882
07/06/96;3,9882
10/06/96;3,9882
11/06/96;3,9882
12/06/96;3,9882
13/06/96;3,9882
14/06/96;3,9882
17/06/96;3,9882
18/06/96;3,9882
19/06/96;3,9882
20/06/96;3,9882
21/06/96;3,9882
24/06/96;3,9882
25/06/96;3,9882
26/06/96;3,9882
27/06/96;3,9882
28/06/96;3,9882
01/07/96;3,9882
02/07/96;3,9882
03/07/96;3,9882
04/07/96;3,9882
05/07/96;3,9882
08/07/96;3,9882
09/07/96;3,9882
10/07/96;4,0067
11/07/96;4,0067
12/07/96;4,0067
15/07/96;4,0067
16/07/96;4,0067
17/07/96;4,0067
18/07/96;4,0067
19/07/96;4,0067
22/07/96;4,0067
23/07/96;4,0067
24/07/96;4,0067
25/07/96;4,0067
26/07/96;4,0067
29/07/96;4,0067
30/07/96;4,0067
31/07/96;4,0067
01/08/96;4,0067
02/08/96;4,0067
05/08/96;4,0253
06/08/96;4,0253
07/08/96;4,0253
09/08/96;4,0253
12/08/96;4,0253
13/08/96;4,0253
14/08/96;4,0253
16/08/96;4,0253
19/08/96;4,0253
20/08/96;4,0253
21/08/96;4,0253
22/08/96;4,0253
23/08/96;4,0253
26/08/96;4,0253
27/08/96;4,0253
28/08/96;4,0253
29/08/96;4,0253
30/08/96;4,0253
02/09/96;4,0438
03/09/96;4,0438
04/09/96;4,0438
05/09/96;4,0438
06/09/96;4,0438
09/09/96;4,0438
10/09/96;4,0438
11/09/96;4,0438
12/09/96;4,0438
13/09/96;4,0438
16/09/96;4,0438
17/09/96;4,0438
18/09/96;4,0438
19/09/96;4,0438
20/09/96;4,0438
23/09/96;4,0438
24/09/96;4,0438
25/09/96;4,0438
26/09/96;4,0624
27/09/96;4,0624
30/09/96;4,0624
01/10/96;4,0624
02/10/96;4,0624
03/10/96;4,0624
04/10/96;4,0624
07/10/96;4,0624
08/10/96;4,0809
09/10/96;4,0809
10/10/96;4,0809
11/10/96;4,0809
14/10/96;4,0809
15/10/96;4,0809
16/10/96;4,0809
17/10/96;4,0809
18/10/96;4,0809
21/10/96;4,0809
22/10/96;4,0809
23/10/96;4,0995
24/10/96;4,0995
25/10/96;4,0995
28/10/96;4,0995
29/10/96;4,0995
30/10/96;4,0995
31/10/96;4,0995
04/11/96;4,0995
05/11/96;4,0995
06/11/96;4,0995
07/11/96;4,0995
08/11/96;4,0995
11/11/96;4,0995
12/11/96;4,0995
13/11/96;4,0995
14/11/96;4,0995
15/11/96;4,118
18/11/96;4,118
19/11/96;4,118
20/11/96;4,118
21/11/96;4,118
22/11/96;4,118
25/11/96;4,118
26/11/96;4,118
27/11/96;4,118
28/11/96;4,1366
29/11/96;4,1366
02/12/96;4,1366
03/12/96;4,1366
04/12/96;4,1366
05/12/96;4,1366
06/12/96;4,1366
09/12/96;4,1551
10/12/96;4,1551
11/12/96;4,1551
12/12/96;4,1551
13/12/96;4,1551
16/12/96;4,1551
17/12/96;4,1551
18/12/96;4,1737
19/12/96;4,1737
20/12/96;4,1737
23/12/96;4,1737
27/12/96;4,1737
30/12/96;4,1922
31/12/96;4,1922
02/01/97;4,1922
03/01/97;4,1922
07/01/97;4,1922
08/01/97;4,1922
09/01/97;4,1922
10/01/97;4,2108
13/01/97;4,2108
14/01/97;4,2293
15/01/97;4,2293
16/01/97;4,2293
17/01/97;4,2293
20/01/97;4,2293
21/01/97;4,2293
22/01/97;4,2664
23/01/97;4,2664
24/01/97;4,2664
27/01/97;4,2664
28/01/97;4,285
29/01/97;4,3035
30/01/97;4,3221
31/01/97;4,3406
03/02/97;4,3963
04/02/97;4,4705
05/02/97;4,6745
06/02/97;4,6745
07/02/97;4,6745
10/02/97;4,7116
11/02/97;4,7858
12/02/97;4,8044
13/02/97;4,7858
14/02/97;4,7116
17/02/97;4,5076
18/02/97;4,4519
19/02/97;4,4519
20/02/97;4,4519
21/02/97;4,4519
24/02/97;4,4519
25/02/97;4,4705
26/02/97;4,4705
27/02/97;4,489
28/02/97;4,5076
03/03/97;4,5261
04/03/97;4,6374
05/03/97;4,6374
06/03/97;4,6374
07/03/97;4,6003
10/03/97;4,6003
11/03/97;4,6003
12/03/97;4,6003
13/03/97;4,6003
14/03/97;4,6003
17/03/97;4,6003
18/03/97;4,6003
19/03/97;4,6003
20/03/97;4,6003
21/03/97;4,6003
24/03/97;4,6003
25/03/97;4,6189
26/03/97;4,6374
27/03/97;4,6745
28/03/97;4,6931
01/04/97;4,7116
02/04/97;4,7487
03/04/97;4,7673
04/04/97;4,8044
07/04/97;4,7858
08/04/97;4,7487
09/04/97;4,7487
10/04/97;4,7487
11/04/97;4,7487
14/04/97;4,7487
15/04/97;4,7487
16/04/97;4,7487
17/04/97;4,7487
18/04/97;4,7487
21/04/97;4,7487
22/04/97;4,7487
23/04/97;4,7487
24/04/97;4,7487
28/04/97;4,7487
29/04/97;4,7487
30/04/97;4,7487
02/05/97;4,7673
05/05/97;4,656
06/05/97;4,656
07/05/97;4,6745
08/05/97;4,6931
09/05/97;4,6931
12/05/97;4,6745
13/05/97;4,6745
14/05/97;4,7116
15/05/97;4,7116
16/05/97;4,7116
19/05/97;4,5731
20/05/97;4,9342
21/05/97;4,86
22/05/97;4,7413
23/05/97;4,7116
26/05/97;4,7191
27/05/97;4,7191
28/05/97;4,7191
29/05/97;4,7116
30/05/97;4,7116
02/06/97;4,7116
03/06/97;4,7116
04/06/97;4,7116
05/06/97;4,7042
06/06/97;4,7042
09/06/97;4,6968
10/06/97;4,6894
11/06/97;4,6745
12/06/97;4,6597
13/06/97;4,6374
16/06/97;4,63
17/06/97;4,63
18/06/97;4,63
19/06/97;4,63
20/06/97;4,63
23/06/97;4,63
24/06/97;4,63
25/06/97;4,6374
26/06/97;4,6374
27/06/97;4,6374
30/06/97;4,6449
01/07/97;4,6449
02/07/97;4,6449
03/07/97;4,6597
04/07/97;4,6745
07/07/97;4,6894
08/07/97;4,6968
09/07/97;4,7339
10/07/97;4,7562
11/07/97;4,7933
14/07/97;5,2681
15/07/97;5,0455
16/07/97;4,9713
17/07/97;5,0084
18/07/97;5,0233
21/07/97;5,1197
22/07/97;5,1939
23/07/97;5,2014
24/07/97;5,2681
25/07/97;5,2681
28/07/97;5,2681
29/07/97;5,2681
30/07/97;5,1939
31/07/97;5,1568
01/08/97;5,1197
04/08/97;5,0826
05/08/97;5,0084
06/08/97;4,9342
07/08/97;4,9565
08/08/97;4,9862
11/08/97;5,0233
12/08/97;5,0455
13/08/97;5,0901
14/08/97;5,1272
18/08/97;5,1272
19/08/97;5,142
20/08/97;5,1643
21/08/97;5,1939
22/08/97;5,1939
25/08/97;5,1791
26/08/97;5,1791
27/08/97;5,1791
28/08/97;5,1568
29/08/97;5,1494
01/09/97;5,1568
02/09/97;5,1568
03/09/97;5,1568
04/09/97;5,1568
05/09/97;5,1568
08/09/97;5,1568
09/09/97;5,1568
10/09/97;5,1568
11/09/97;5,1494
12/09/97;5,1494
15/09/97;5,1568
16/09/97;5,1494
17/09/97;5,1568
18/09/97;5,1568
19/09/97;5,1568
22/09/97;5,1643
23/09/97;5,1717
24/09/97;5,1717
25/09/97;5,1865
26/09/97;5,1939
29/09/97;5,1939
30/09/97;5,1939
01/10/97;5,1939
02/10/97;5,1939
03/10/97;5,1939
06/10/97;5,1939
07/10/97;5,1939
08/10/97;5,1939
09/10/97;5,1939
10/10/97;5,1939
13/10/97;5,1643
14/10/97;5,1865
15/10/97;5,1865
16/10/97;5,1865
17/10/97;5,1865
20/10/97;5,1865
21/10/97;5,1791
22/10/97;5,1939
23/10/97;5,1939
24/10/97;5,1939
27/10/97;5,1939
28/10/97;5,1791
29/10/97;5,1791
30/10/97;5,1939
31/10/97;5,1939
03/11/97;5,1939
04/11/97;5,1939
05/11/97;5,2014
06/11/97;5,2014
07/11/97;5,2014
10/11/97;5,2014
11/11/97;5,2014
12/11/97;5,2014
13/11/97;5,2088
14/11/97;5,2162
17/11/97;5,2236
18/11/97;5,2236
19/11/97;5,231
20/11/97;5,2459
21/11/97;5,2533
24/11/97;5,2681
25/11/97;5,3052
26/11/97;5,3423
27/11/97;5,3423
28/11/97;5,3646
01/12/97;5,3794
02/12/97;5,4536
03/12/97;5,5649
04/12/97;5,8617
05/12/97;5,8246
09/12/97;5,7578
10/12/97;5,6985
11/12/97;5,6391
12/12/97;5,5723
15/12/97;5,6465
16/12/97;5,832
17/12/97;5,8469
18/12/97;5,8469
19/12/97;5,8617
22/12/97;5,9359
23/12/97;6,0843
29/12/97;6,4553
30/12/97;6,6779
31/12/97;6,6408
02/01/98;6,5295
05/01/98;6,5295
07/01/98;6,6037
08/01/98;6,6779
09/01/98;6,6779
12/01/98;6,6779
13/01/98;6,6779
14/01/98;6,6779
15/01/98;6,7521
16/01/98;6,9376
19/01/98;7,1231
20/01/98;7,2715
21/01/98;7,4199
22/01/98;7,3457
23/01/98;7,1231
26/01/98;7,1231
27/01/98;7,2344
28/01/98;7,2344
29/01/98;7,3086
30/01/98;7,3457
02/02/98;7,3902
03/02/98;7,4199
04/02/98;7,4199
05/02/98;7,4199
06/02/98;7,4199
09/02/98;7,3828
10/02/98;7,316
11/02/98;7,1602
12/02/98;7,0637
13/02/98;6,9747
16/02/98;6,8931
17/02/98;6,8634
18/02/98;7,0563
19/02/98;7,1973
20/02/98;7,1973
23/02/98;7,0489
24/02/98;6,9747
25/02/98;6,9747
26/02/98;7,0489
27/02/98;7,086
02/03/98;7,1602
03/03/98;7,1973
04/03/98;7,1973
05/03/98;7,2344
06/03/98;7,3383
09/03/98;7,3012
10/03/98;7,2715
11/03/98;7,2715
12/03/98;7,2567
13/03/98;7,2567
16/03/98;7,2567
17/03/98;7,2567
18/03/98;7,2715
19/03/98;7,316
20/03/98;7,457
23/03/98;7,4199
24/03/98;7,4199
25/03/98;7,457
26/03/98;7,7686
27/03/98;7,7909
30/03/98;7,8651
31/03/98;8,1619
01/04/98;8,9039
02/04/98;8,8297
03/04/98;8,6071
06/04/98;8,5329
07/04/98;8,5255
08/04/98;8,1619
09/04/98;7,7835
10/04/98;7,9393
14/04/98;8,2361
15/04/98;8,4587
16/04/98;8,4587
17/04/98;8,3103
20/04/98;8,3845
21/04/98;8,3845
22/04/98;8,4587
23/04/98;8,3103
24/04/98;8,1396
27/04/98;7,9393
28/04/98;7,7167
29/04/98;8,0135
30/04/98;7,9393
04/05/98;8,0135
05/05/98;8,0877
06/05/98;8,0506
07/05/98;8,0135
08/05/98;8,0506
11/05/98;8,0877
12/05/98;8,0877
13/05/98;8,0135
14/05/98;8,0135
15/05/98;8,0135
18/05/98;8,0135
19/05/98;8,0135
20/05/98;7,9764
21/05/98;7,9393
22/05/98;7,9393
25/05/98;7,9764
26/05/98;8,0135
27/05/98;8,0506
28/05/98;7,9764
29/05/98;7,9764
01/06/98;7,9393
02/06/98;7,8651
03/06/98;7,8651
04/06/98;7,7835
05/06/98;7,7538
08/06/98;7,7909
09/06/98;7,7538
10/06/98;7,6944
11/06/98;7,5312
12/06/98;7,4199
15/06/98;7,2715
16/06/98;7,1602
17/06/98;7,2344
18/06/98;7,4125
19/06/98;7,4941
22/06/98;7,4941
23/06/98;7,4199
24/06/98;7,4199
25/06/98;7,4496
26/06/98;7,4199
29/06/98;7,4273
30/06/98;7,457
01/07/98;7,5312
02/07/98;7,7019
03/07/98;7,7538
06/07/98;7,7909
07/07/98;7,7909
08/07/98;7,7909
09/07/98;7,828
10/07/98;7,8651
13/07/98;7,8651
14/07/98;7,8874
15/07/98;7,8874
16/07/98;7,8799
17/07/98;7,8799
20/07/98;7,8799
21/07/98;7,8577
22/07/98;7,8428
23/07/98;7,7909
24/07/98;7,7019
27/07/98;7,6796
28/07/98;7,6796
29/07/98;7,6796
30/07/98;7,6648
31/07/98;7,6722
03/08/98;7,6425
04/08/98;7,6425
05/08/98;7,5683
06/08/98;7,5683
07/08/98;7,5683
10/08/98;7,5683
11/08/98;7,6054
12/08/98;7,5683
13/08/98;7,5683
14/08/98;7,5683
17/08/98;7,5683
18/08/98;7,5683
19/08/98;7,6054
20/08/98;7,6054
21/08/98;7,6054
24/08/98;7,5906
25/08/98;7,5906
26/08/98;7,5906
27/08/98;7,5312
28/08/98;7,2641
31/08/98;7,4051
01/09/98;7,1602
02/09/98;7,2715
03/09/98;7,3309
04/09/98;7,2715
07/09/98;7,4125
08/09/98;7,4199
09/09/98;7,4199
10/09/98;7,3902
11/09/98;7,1973
14/09/98;7,2047
15/09/98;7,2715
16/09/98;7,2715
17/09/98;7,2715
18/09/98;7,1973
21/09/98;7,086
22/09/98;7,1973
23/09/98;7,2715
24/09/98;7,2715
25/09/98;7,1973
28/09/98;7,1602
29/09/98;7,1973
30/09/98;7,2344
01/10/98;7,1602
02/10/98;6,9747
05/10/98;6,7373
06/10/98;6,7892
07/10/98;6,8263
08/10/98;6,8486
09/10/98;6,8263
12/10/98;6,8189
13/10/98;6,8189
14/10/98;6,9302
15/10/98;6,9228
16/10/98;6,9524
19/10/98;6,9673
20/10/98;6,9524
21/10/98;6,9524
22/10/98;6,9079
23/10/98;6,8931
26/10/98;6,9005
27/10/98;6,9376
28/10/98;6,9228
29/10/98;6,9524
30/10/98;6,9747
02/11/98;6,9747
03/11/98;6,9599
04/11/98;7,0044
05/11/98;7,0118
06/11/98;7,0266
09/11/98;7,0341
10/11/98;7,0341
11/11/98;7,0341
12/11/98;7,0341
13/11/98;7,0637
16/11/98;7,086
17/11/98;7,1602
18/11/98;7,1602
19/11/98;7,175
20/11/98;7,1973
23/11/98;7,2492
24/11/98;7,3234
25/11/98;7,4941
26/11/98;7,5683
27/11/98;7,5683
30/11/98;7,5757
01/12/98;7,5831
02/12/98;7,6054
03/12/98;7,6425
04/12/98;7,7167
07/12/98;7,9022
09/12/98;8,1619
10/12/98;8,199
11/12/98;8,2732
14/12/98;8,6813
15/12/98;8,5329
16/12/98;8,199
17/12/98;7,7983
18/12/98;8,0877
21/12/98;8,3103
22/12/98;8,3845
23/12/98;8,4587
28/12/98;8,6071
29/12/98;8,5329
30/12/98;8,5329
04/01/99;8,6273
05/01/99;8,6058
07/01/99;8,6776
08/01/99;8,6202
11/01/99;8,6202
12/01/99;8,4765
13/01/99;8,261
14/01/99;8,261
15/01/99;8,3328
18/01/99;8,6058
19/01/99;8,6058
20/01/99;8,6058
21/01/99;8,6058
22/01/99;8,5052
25/01/99;8,4621
26/01/99;8,5196
27/01/99;8,6058
28/01/99;8,6058
29/01/99;8,6202
01/02/99;8,692
02/02/99;8,7351
03/02/99;8,7566
04/02/99;8,7926
05/02/99;8,8357
08/02/99;8,8788
09/02/99;8,85
10/02/99;8,6202
11/02/99;8,6202
12/02/99;8,7064
15/02/99;8,9075
16/02/99;8,9075
17/02/99;8,9075
18/02/99;8,9075
19/02/99;8,9075
22/02/99;9,123
23/02/99;9,3385
24/02/99;9,6258
25/02/99;9,6258
26/02/99;9,6258
01/03/99;9,6258
02/03/99;9,6258
03/03/99;9,6258
04/03/99;9,6977
05/03/99;10,0569
08/03/99;10,2005
09/03/99;10,3442
10/03/99;10,4879
11/03/99;10,847
12/03/99;11,2062
15/03/99;10,4879
16/03/99;10,0569
17/03/99;10,2724
18/03/99;10,7752
19/03/99;11,0625
22/03/99;11,0482
23/03/99;10,9189
24/03/99;10,3442
25/03/99;10,4879
26/03/99;10,7752
29/03/99;10,7034
30/03/99;10,9189
31/03/99;10,8542
01/04/99;10,8039
06/04/99;10,9045
07/04/99;10,9189
08/04/99;10,9332
09/04/99;10,9332
12/04/99;10,7752
13/04/99;10,7752
14/04/99;10,9045
15/04/99;10,8399
16/04/99;10,9189
19/04/99;11,0625
20/04/99;11,2062
21/04/99;11,2062
22/04/99;11,2637
23/04/99;11,278
26/04/99;11,3499
27/04/99;11,3499
28/04/99;11,3499
29/04/99;11,3499
30/04/99;11,3499
03/05/99;11,3714
04/05/99;11,393
05/05/99;11,4002
06/05/99;11,4002
07/05/99;11,3499
10/05/99;11,3068
11/05/99;10,6315
12/05/99;11,0482
13/05/99;11,0482
14/05/99;11,1344
17/05/99;11,0625
18/05/99;10,9189
19/05/99;10,9189
20/05/99;10,9907
21/05/99;10,9907
24/05/99;10,9332
25/05/99;10,9332
26/05/99;10,9332
27/05/99;10,9907
28/05/99;10,9907
31/05/99;11,0194
01/06/99;11,1775
02/06/99;11,278
03/06/99;11,3499
04/06/99;11,4217
07/06/99;11,4935
08/06/99;11,4935
09/06/99;11,4935
10/06/99;11,4935
11/06/99;11,4073
14/06/99;11,3499
15/06/99;11,1918
17/06/99;11,278
18/06/99;11,3355
21/06/99;11,3499
22/06/99;11,3499
23/06/99;11,3499
24/06/99;11,3211
25/06/99;11,278
28/06/99;11,278
29/06/99;11,199
30/06/99;11,12
01/07/99;11,2062
02/07/99;11,2062
05/07/99;11,278
06/07/99;11,3211
07/07/99;11,3355
08/07/99;11,3355
09/07/99;11,3499
12/07/99;11,4217
13/07/99;11,4217
14/07/99;11,4217
15/07/99;11,4217
16/07/99;11,4073
19/07/99;11,4504
20/07/99;11,4935
21/07/99;11,4576
22/07/99;11,4217
23/07/99;11,393
26/07/99;11,3499
27/07/99;11,3499
28/07/99;11,3499
29/07/99;11,3355
30/07/99;11,2062
02/08/99;11,2637
03/08/99;11,278
04/08/99;11,2062
05/08/99;11,2637
06/08/99;11,2637
09/08/99;11,2565
10/08/99;11,2565
11/08/99;11,278
12/08/99;11,2709
13/08/99;11,2709
16/08/99;11,2709
17/08/99;11,2709
18/08/99;11,2709
19/08/99;11,2709
20/08/99;11,278
23/08/99;11,2924
24/08/99;11,3068
25/08/99;11,3499
26/08/99;11,393
27/08/99;11,4217
30/08/99;11,4217
31/08/99;11,4648
01/09/99;11,4935
02/09/99;11,4935
03/09/99;11,4935
06/09/99;11,4935
07/09/99;11,6372
08/09/99;11,9246
09/09/99;12,3556
10/09/99;12,4274
13/09/99;12,4274
14/09/99;12,4992
15/09/99;12,4992
16/09/99;12,3556
17/09/99;12,0682
20/09/99;12,1544
21/09/99;12,3556
22/09/99;12,2837
23/09/99;12,2837
24/09/99;12,2263
27/09/99;12,2119
28/09/99;12,2119
29/09/99;12,3412
30/09/99;12,3843
01/10/99;12,4418
04/10/99;12,4992
05/10/99;12,5854
06/10/99;12,6429
07/10/99;12,6429
08/10/99;12,6429
11/10/99;12,6429
12/10/99;12,6285
13/10/99;12,413
14/10/99;12,4274
18/10/99;12,2119
19/10/99;12,2119
20/10/99;12,2119
21/10/99;12,2837
22/10/99;12,3556
25/10/99;12,3556
26/10/99;12,2119
27/10/99;12,2837
28/10/99;12,2837
29/10/99;12,3125
02/11/99;12,2837
03/11/99;12,2119
04/11/99;12,3268
05/11/99;12,3556
08/11/99;12,2837
09/11/99;12,2119
10/11/99;12,2119
11/11/99;12,2119
12/11/99;12,2119
15/11/99;12,1688
16/11/99;12,1113
17/11/99;12,0682
18/11/99;11,982
19/11/99;11,8671
22/11/99;11,7809
23/11/99;11,7809
24/11/99;11,7809
25/11/99;11,8527
26/11/99;11,9389
29/11/99;12,0682
30/11/99;12,1401
01/12/99;12,1401
02/12/99;12,1832
03/12/99;12,2119
06/12/99;12,2119
07/12/99;12,2119
08/12/99;12,2119
09/12/99;12,2119
10/12/99;12,1329
13/12/99;12,0539
14/12/99;12,0682
15/12/99;12,0826
16/12/99;12,1041
17/12/99;12,1401
20/12/99;12,1401
21/12/99;12,1401
22/12/99;12,1401
23/12/99;12,2119
27/12/99;12,2981
28/12/99;12,4992
29/12/99;12,6429
03/01/00;13,3756
04/01/00;13,3541
05/01/00;12,9231
06/01/00;12,9231
07/01/00;13,0739
10/01/00;13,3325
11/01/00;13,5049
12/01/00;13,4905
13/01/00;13,4331
14/01/00;13,5049
17/01/00;13,5121
18/01/00;13,6486
19/01/00;13,7923
20/01/00;14,0796
21/01/00;14,3669
24/01/00;14,8554
25/01/00;15,8036
26/01/00;15,8036
27/01/00;14,7979
28/01/00;14,6543
31/01/00;13,7923
01/02/00;14,0796
02/02/00;14,3669
03/02/00;14,3669
04/02/00;14,2233
07/02/00;14,0796
08/02/00;14,1371
09/02/00;14,1945
10/02/00;14,0652
11/02/00;13,9359
14/02/00;13,2176
15/02/00;12,9302
16/02/00;12,9877
17/02/00;13,3038
18/02/00;13,5193
21/02/00;13,5336
22/02/00;13,663
23/02/00;13,9072
24/02/00;14,0796
25/02/00;13,9359
28/02/00;13,5049
29/02/00;13,5049
01/03/00;13,6486
02/03/00;13,7923
03/03/00;13,6486
06/03/00;13,6902
07/03/00;13,3989
08/03/00;13,3989
09/03/00;13,3989
10/03/00;13,3989
13/03/00;13,1076
14/03/00;12,7435
15/03/00;12,8164
16/03/00;13,1076
17/03/00;13,3698
20/03/00;13,1076
21/03/00;13,2241
22/03/00;13,0785
23/03/00;12,4959
24/03/00;12,4959
27/03/00;12,4959
28/03/00;12,4959
29/03/00;12,4959
30/03/00;12,3794
31/03/00;12,2338
03/04/00;12,0882
04/04/00;11,6512
05/04/00;11,593
06/04/00;11,6512
07/04/00;11,9425
10/04/00;12,0882
11/04/00;12,161
12/04/00;12,161
13/04/00;12,161
14/04/00;12,1464
17/04/00;11,9134
18/04/00;11,6512
19/04/00;11,6512
20/04/00;11,6512
25/04/00;11,7095
26/04/00;11,7095
27/04/00;11,7095
28/04/00;11,7532
02/05/00;11,7532
03/05/00;11,7386
04/05/00;11,7241
05/05/00;11,7095
08/05/00;11,6512
09/05/00;11,5056
10/05/00;11,1852
11/05/00;11,3017
12/05/00;11,2871
15/05/00;11,2871
16/05/00;11,2871
17/05/00;11,2871
18/05/00;11,36
19/05/00;11,4036
22/05/00;10,923
23/05/00;11,0687
24/05/00;11,0687
25/05/00;11,0687
26/05/00;11,1269
29/05/00;11,1561
30/05/00;11,1561
31/05/00;11,0687
01/06/00;11,0687
02/06/00;11,0687
05/06/00;11,2143
06/06/00;11,2726
07/06/00;11,36
08/06/00;11,36
09/06/00;11,6512
12/06/00;11,6512
13/06/00;11,36
14/06/00;11,1706
15/06/00;11,0687
16/06/00;11,0687
19/06/00;11,0687
20/06/00;11,0687
21/06/00;11,0687
22/06/00;11,0687
23/06/00;10,9813
26/06/00;10,9522
27/06/00;10,9813
28/06/00;10,9522
29/06/00;10,9522
30/06/00;10,9522
03/07/00;11,0687
04/07/00;11,0687
05/07/00;11,0687
06/07/00;11,0687
07/07/00;11,0687
10/07/00;11,0687
11/07/00;11,0687
13/07/00;11,0687
14/07/00;11,0687
17/07/00;11,0687
18/07/00;11,0687
19/07/00;11,0687
20/07/00;11,0687
21/07/00;11,0687
24/07/00;11,0687
25/07/00;11,0687
27/07/00;11,0687
28/07/00;11,0687
31/07/00;11,0687
01/08/00;11,0687
02/08/00;11,0541
03/08/00;11,0395
04/08/00;11,0395
07/08/00;11,0395
08/08/00;11,0687
09/08/00;11,0978
10/08/00;11,2143
11/08/00;11,258
14/08/00;11,2871
16/08/00;11,3308
17/08/00;11,3308
18/08/00;11,3308
21/08/00;11,3308
22/08/00;11,3308
23/08/00;11,3308
24/08/00;11,3308
25/08/00;11,3308
28/08/00;11,1852
29/08/00;11,1997
30/08/00;11,2434
31/08/00;11,3017
01/09/00;11,36
04/09/00;11,3891
05/09/00;11,4473
06/09/00;11,4473
07/09/00;11,4619
08/09/00;11,4619
11/09/00;11,6221
12/09/00;11,6512
13/09/00;11,6949
14/09/00;11,7095
15/09/00;11,7095
18/09/00;11,7095
19/09/00;11,6658
20/09/00;11,6075
21/09/00;11,5056
22/09/00;11,3017
25/09/00;11,3017
26/09/00;11,3017
27/09/00;11,2726
28/09/00;11,2871
29/09/00;11,3017
02/10/00;11,36
03/10/00;11,36
04/10/00;11,36
05/10/00;11,4036
06/10/00;11,4036
09/10/00;11,4036
10/10/00;11,36
11/10/00;11,3308
12/10/00;11,2726
13/10/00;11,1415
16/10/00;11,1852
17/10/00;11,1852
18/10/00;11,1852
19/10/00;11,1561
20/10/00;11,2143
23/10/00;11,1997
24/10/00;11,1852
25/10/00;11,1706
26/10/00;11,1706
27/10/00;11,1706
30/10/00;11,1561
31/10/00;11,1561
01/11/00;11,1706
02/11/00;11,1706
03/11/00;11,1706
06/11/00;11,1852
07/11/00;11,2143
08/11/00;11,1997
09/11/00;11,1852
10/11/00;11,1852
13/11/00;11,0687
14/11/00;11,0687
15/11/00;11,0687
16/11/00;11,0687
17/11/00;11,0687
20/11/00;11,0687
21/11/00;11,0687
22/11/00;11,0687
23/11/00;11,0687
24/11/00;11,0687
27/11/00;11,0687
28/11/00;11,0687
29/11/00;11,0832
30/11/00;11,1269
01/12/00;11,1269
04/12/00;11,0687
05/12/00;10,9813
06/12/00;10,9813
07/12/00;10,923
08/12/00;10,923
11/12/00;10,923
12/12/00;10,923
13/12/00;10,8939
14/12/00;10,8939
15/12/00;10,8939
18/12/00;10,8648
19/12/00;10,8648
20/12/00;10,7774
21/12/00;10,6026
22/12/00;10,4861
27/12/00;10,3987
28/12/00;10,3405
29/12/00;10,3405
02/01/01;10,4861
03/01/01;10,6317
04/01/01;10,7774
05/01/01;10,8065
08/01/01;10,8211
09/01/01;10,8211
10/01/01;10,8211
11/01/01;10,8211
12/01/01;10,8211
15/01/01;10,8356
16/01/01;10,8356
17/01/01;10,8356
18/01/01;10,8356
19/01/01;10,8648
22/01/01;10,8502
23/01/01;10,8502
24/01/01;10,8502
25/01/01;10,8648
26/01/01;10,8356
29/01/01;10,8356
30/01/01;10,8356
31/01/01;10,8356
01/02/01;10,8356
02/02/01;10,8356
05/02/01;10,8356
06/02/01;10,8356
07/02/01;10,8211
08/02/01;10,8211
09/02/01;10,8211
12/02/01;10,8065
13/02/01;10,8065
14/02/01;10,8065
15/02/01;10,8065
16/02/01;10,8065
19/02/01;10,8065
20/02/01;10,8065
21/02/01;10,8065
22/02/01;10,8065
23/02/01;10,8065
26/02/01;10,8211
27/02/01;10,8211
28/02/01;10,8211
01/03/01;10,8356
02/03/01;10,8356
05/03/01;10,8356
06/03/01;10,8356
07/03/01;10,8211
08/03/01;10,8211
09/03/01;10,8211
12/03/01;10,8211
13/03/01;10,7628
14/03/01;10,7046
15/03/01;10,6026
16/03/01;10,5589
19/03/01;10,4861
20/03/01;10,4861
21/03/01;10,4861
22/03/01;10,4715
23/03/01;10,4279
26/03/01;10,4279
27/03/01;10,4279
28/03/01;10,4715
29/03/01;10,4715
30/03/01;10,5881
02/04/01;10,6463
03/04/01;10,6463
04/04/01;10,6463
05/04/01;10,6463
06/04/01;10,6463
09/04/01;10,6754
10/04/01;10,7046
11/04/01;10,7337
12/04/01;10,7483
17/04/01;10,7628
18/04/01;10,7774
19/04/01;10,792
20/04/01;10,8211
23/04/01;10,8356
24/04/01;10,8502
25/04/01;10,8502
26/04/01;10,8502
27/04/01;10,8502
30/04/01;10,8793
02/05/01;10,9085
03/05/01;10,923
04/05/01;10,923
07/05/01;10,7774
08/05/01;10,8065
09/05/01;10,8356
10/05/01;10,8648
11/05/01;10,8939
14/05/01;10,8939
15/05/01;10,8939
16/05/01;10,8793
17/05/01;10,8793
18/05/01;10,8939
21/05/01;10,8939
22/05/01;10,8793
23/05/01;10,8648
24/05/01;10,8356
25/05/01;10,7774
28/05/01;10,7483
29/05/01;10,7774
30/05/01;10,7774
31/05/01;10,7774
01/06/01;10,7774
04/06/01;10,7774
05/06/01;10,7774
06/06/01;10,7774
07/06/01;10,7628
08/06/01;10,6317
11/06/01;10,6317
12/06/01;10,6317
13/06/01;10,6317
14/06/01;10,6317
15/06/01;10,6317
18/06/01;10,6026
19/06/01;10,6026
20/06/01;10,5881
21/06/01;10,5589
22/06/01;10,5007
25/06/01;10,4279
26/06/01;10,2822
27/06/01;10,1948
28/06/01;10,1948
29/06/01;10,1948
02/07/01;10,1948
03/07/01;10,1948
04/07/01;10,1948
05/07/01;10,1948
06/07/01;10,1948
09/07/01;10,1948
10/07/01;10,1948
11/07/01;10,1948
12/07/01;10,1948
13/07/01;10,1948
16/07/01;10,1657
17/07/01;10,1657
18/07/01;10,1366
19/07/01;10,1366
20/07/01;9,9035
23/07/01;9,6123
24/07/01;8,7967
25/07/01;9,0297
26/07/01;9,321
27/07/01;9,3938
30/07/01;9,4666
31/07/01;9,5394
01/08/01;9,5977
02/08/01;9,6123
03/08/01;9,656
06/08/01;9,6705
07/08/01;9,6705
08/08/01;9,6996
09/08/01;9,6996
10/08/01;9,7288
13/08/01;9,8453
14/08/01;9,8453
16/08/01;9,8599
17/08/01;9,8744
20/08/01;9,8744
21/08/01;9,8744
22/08/01;9,8744
23/08/01;9,8744
24/08/01;9,8744
27/08/01;9,8744
28/08/01;9,8744
29/08/01;9,889
30/08/01;9,9035
31/08/01;9,9035
03/09/01;9,9327
04/09/01;9,9618
05/09/01;9,9618
06/09/01;9,9035
07/09/01;9,8744
10/09/01;9,8016
11/09/01;9,6996
12/09/01;9,2627
13/09/01;9,2627
14/09/01;9,321
17/09/01;8,5928
18/09/01;8,5928
19/09/01;9,0297
20/09/01;8,7384
21/09/01;8,3889
24/09/01;8,3015
25/09/01;8,4471
26/09/01;8,5054
27/09/01;8,5928
28/09/01;8,651
01/10/01;8,7384
02/10/01;8,7384
03/10/01;8,7384
04/10/01;8,7384
05/10/01;8,7967
08/10/01;8,7384
09/10/01;8,753
10/10/01;8,7821
11/10/01;8,8258
12/10/01;8,8112
15/10/01;8,8112
16/10/01;8,8112
17/10/01;8,8258
18/10/01;8,8841
19/10/01;8,8841
22/10/01;8,8841
23/10/01;8,8841
24/10/01;8,9132
25/10/01;8,9569
26/10/01;8,9569
29/10/01;8,986
30/10/01;8,9714
31/10/01;8,9714
01/11/01;8,9714
02/11/01;8,9714
05/11/01;8,986
06/11/01;8,9714
07/11/01;8,9714
08/11/01;8,9714
09/11/01;8,9714
12/11/01;8,9714
13/11/01;8,9714
14/11/01;8,9423
15/11/01;8,9423
16/11/01;8,9278
19/11/01;8,8986
20/11/01;8,8841
21/11/01;8,8841
22/11/01;8,8841
23/11/01;8,8695
26/11/01;8,8841
27/11/01;8,9132
28/11/01;8,9132
29/11/01;8,9132
30/11/01;8,9132
03/12/01;8,8258
04/12/01;8,8258
05/12/01;8,8258
06/12/01;8,6802
07/12/01;8,7384
10/12/01;8,8258
11/12/01;8,9132
12/12/01;8,9423
13/12/01;8,8986
14/12/01;8,9132
17/12/01;8,8695
18/12/01;8,7676
19/12/01;8,8112
20/12/01;8,8112
21/12/01;8,8112
27/12/01;8,8695
28/12/01;9,0151
02/01/02;9,088
03/01/02;9,088
04/01/02;9,1608
07/01/02;9,1608
08/01/02;9,1753
09/01/02;9,1899
10/01/02;9,2045
11/01/02;9,2336
14/01/02;9,2482
15/01/02;9,2627
16/01/02;9,2627
17/01/02;9,2627
18/01/02;9,2919
21/01/02;9,321
22/01/02;9,321
23/01/02;9,321
24/01/02;9,321
25/01/02;9,3355
28/01/02;9,3501
29/01/02;9,3938
30/01/02;9,3938
31/01/02;9,4229
01/02/02;9,4666
04/02/02;9,5249
05/02/02;9,5686
06/02/02;9,5977
07/02/02;9,6123
08/02/02;9,6414
11/02/02;9,656
12/02/02;9,6705
13/02/02;9,6851
14/02/02;9,6996
15/02/02;9,6996
18/02/02;9,7288
19/02/02;9,7288
20/02/02;9,7288
21/02/02;9,7288
22/02/02;9,7288
25/02/02;9,7433
26/02/02;9,7433
27/02/02;9,7433
28/02/02;9,7433
01/03/02;9,7579
04/03/02;9,7725
05/03/02;9,7579
06/03/02;9,7725
07/03/02;9,8016
08/03/02;9,8016
11/03/02;9,8016
12/03/02;9,8307
13/03/02;9,8453
14/03/02;9,8599
15/03/02;9,889
18/03/02;9,9035
19/03/02;9,9035
20/03/02;9,9035
21/03/02;9,9181
22/03/02;9,9181
25/03/02;9,9181
26/03/02;9,9181
27/03/02;9,9181
28/03/02;9,9472
02/04/02;9,9764
03/04/02;9,9764
04/04/02;9,9909
05/04/02;10,0055
08/04/02;10,0055
09/04/02;10,0346
10/04/02;10,0492
11/04/02;10,0492
12/04/02;10,0492
15/04/02;10,0492
16/04/02;10,0783
17/04/02;10,0929
18/04/02;10,1074
19/04/02;10,1366
22/04/02;10,1511
23/04/02;10,1803
24/04/02;10,1803
25/04/02;10,1803
26/04/02;10,1948
29/04/02;10,1948
30/04/02;10,1948
02/05/02;10,1948
03/05/02;10,1948
06/05/02;10,1948
07/05/02;10,1948
08/05/02;10,1948
09/05/02;10,1948
10/05/02;10,1948
13/05/02;10,1948
14/05/02;10,1948
15/05/02;10,1511
16/05/02;10,1366
17/05/02;10,1366
20/05/02;10,1366
21/05/02;10,1366
22/05/02;10,1366
23/05/02;10,1511
24/05/02;10,1657
27/05/02;9,9327
28/05/02;9,9181
29/05/02;9,9035
30/05/02;9,8453
31/05/02;9,8453
03/06/02;9,8453
04/06/02;9,8307
05/06/02;9,8307
06/06/02;9,8307
07/06/02;9,8016
10/06/02;9,787
11/06/02;9,787
12/06/02;9,787
13/06/02;9,7725
14/06/02;9,6705
17/06/02;9,6705
18/06/02;9,6851
19/06/02;9,7142
20/06/02;9,7142
21/06/02;9,6996
24/06/02;9,6996
25/06/02;9,6705
26/06/02;9,6123
27/06/02;9,5831
28/06/02;9,6123
01/07/02;9,6123
02/07/02;9,6123
03/07/02;9,6123
04/07/02;9,6123
05/07/02;9,6123
08/07/02;9,6123
09/07/02;9,6123
10/07/02;9,6123
11/07/02;9,5977
12/07/02;9,5831
15/07/02;9,5831
16/07/02;9,4958
17/07/02;9,4958
18/07/02;9,4666
19/07/02;9,4375
22/07/02;9,2627
23/07/02;9,1753
24/07/02;8,7384
25/07/02;8,8258
26/07/02;8,8404
29/07/02;8,8404
30/07/02;8,8695
31/07/02;8,8986
01/08/02;8,9278
02/08/02;8,9423
05/08/02;8,9569
06/08/02;8,9569
07/08/02;8,9569
08/08/02;8,9714
09/08/02;8,986
12/08/02;9,0006
13/08/02;9,0006
14/08/02;9,0006
16/08/02;9,0297
19/08/02;9,0443
20/08/02;9,0588
21/08/02;9,088
22/08/02;9,1171
23/08/02;9,1171
26/08/02;9,1317
27/08/02;9,1462
28/08/02;9,1608
29/08/02;9,1753
30/08/02;9,1899
02/09/02;9,1899
03/09/02;9,1899
04/09/02;9,1899
05/09/02;9,1899
06/09/02;9,1899
09/09/02;9,1899
10/09/02;9,2045
11/09/02;9,1753
12/09/02;9,1608
13/09/02;9,1608
16/09/02;9,1608
17/09/02;9,1608
18/09/02;9,1462
19/09/02;9,1462
20/09/02;9,1462
23/09/02;9,0297
24/09/02;8,8841
25/09/02;8,8841
26/09/02;8,8841
27/09/02;8,7384
30/09/02;8,651
01/10/02;8,4471
02/10/02;8,5345
03/10/02;8,5345
04/10/02;8,5054
07/10/02;8,4471
08/10/02;8,4763
09/10/02;8,4763
10/10/02;8,4617
11/10/02;8,4908
14/10/02;8,4908
15/10/02;8,52
16/10/02;8,5637
17/10/02;8,5637
18/10/02;8,5637
21/10/02;8,5637
22/10/02;8,5637
23/10/02;8,5637
24/10/02;8,5637
25/10/02;8,5637
28/10/02;8,5928
29/10/02;8,6073
30/10/02;8,6219
31/10/02;8,6365
01/11/02;8,6365
04/11/02;8,6656
05/11/02;8,6714
06/11/02;8,6802
07/11/02;8,686
08/11/02;8,6889
11/11/02;8,6889
12/11/02;8,6889
13/11/02;8,6656
14/11/02;8,6656
15/11/02;8,6656
18/11/02;8,651
19/11/02;8,6365
20/11/02;8,6219
21/11/02;8,5928
22/11/02;8,5899
25/11/02;8,5462
26/11/02;8,4471
27/11/02;8,4471
28/11/02;8,4471
29/11/02;8,4471
02/12/02;8,4471
03/12/02;8,4471
04/12/02;8,418
05/12/02;8,3219
06/12/02;8,3015
09/12/02;8,3015
10/12/02;8,3015
11/12/02;8,3015
12/12/02;8,2869
13/12/02;8,2724
16/12/02;8,2724
17/12/02;8,3015
18/12/02;8,3306
19/12/02;8,3452
20/12/02;8,3598
23/12/02;8,3598
27/12/02;8,3889
30/12/02;8,3889
02/01/03;8,4238
03/01/03;8,5054
06/01/03;8,5054
07/01/03;8,5345
08/01/03;8,5549
09/01/03;8,5928
10/01/03;8,6219
13/01/03;8,651
14/01/03;8,6656
15/01/03;8,6947
16/01/03;8,7239
17/01/03;8,7384
20/01/03;8,7384
21/01/03;8,7384
22/01/03;8,7384
23/01/03;8,7676
24/01/03;8,7967
27/01/03;8,8025
28/01/03;8,8025
29/01/03;8,7821
30/01/03;8,7821
31/01/03;8,7676
03/02/03;8,7093
04/02/03;8,7821
05/02/03;8,7967
06/02/03;8,7384
07/02/03;8,7384
10/02/03;8,753
11/02/03;8,6802
12/02/03;8,7093
13/02/03;8,7093
14/02/03;8,7093
17/02/03;8,6947
18/02/03;8,6947
19/02/03;8,6947
20/02/03;8,7239
21/02/03;8,7384
24/02/03;8,753
25/02/03;8,7093
26/02/03;8,7239
27/02/03;8,6831
28/02/03;8,7239
03/03/03;8,753
04/03/03;8,7559
05/03/03;8,753
06/03/03;8,7588
07/03/03;8,7384
10/03/03;8,7384
11/03/03;8,7384
12/03/03;8,7384
13/03/03;8,7035
14/03/03;8,7384
17/03/03;8,7442
18/03/03;8,6947
19/03/03;8,6947
20/03/03;8,651
21/03/03;8,7676
24/03/03;8,7676
25/03/03;8,7384
26/03/03;8,753
27/03/03;8,7384
28/03/03;8,7384
31/03/03;8,7384
01/04/03;8,7384
02/04/03;8,7676
03/04/03;8,753
04/04/03;8,753
07/04/03;8,7384
08/04/03;8,7501
09/04/03;8,7588
10/04/03;8,7617
11/04/03;8,7821
14/04/03;8,7909
15/04/03;8,7909
16/04/03;8,8054
17/04/03;8,8171
22/04/03;8,8287
23/04/03;8,8404
24/04/03;8,8608
25/04/03;8,8695
28/04/03;8,8695
29/04/03;8,8782
30/04/03;8,8841
02/05/03;8,8986
05/05/03;8,9132
06/05/03;8,9278
07/05/03;8,9423
08/05/03;8,9511
09/05/03;8,986
12/05/03;9,0006
13/05/03;9,0151
14/05/03;9,0239
15/05/03;9,0297
16/05/03;9,0588
19/05/03;9,0588
20/05/03;9,0588
21/05/03;9,0588
22/05/03;9,0588
23/05/03;9,0297
26/05/03;8,8112
27/05/03;8,8258
28/05/03;8,8404
29/05/03;8,8695
30/05/03;8,9132
02/06/03;8,9278
03/06/03;8,986
04/06/03;9,0297
05/06/03;9,1025
06/06/03;9,2482
09/06/03;9,4229
10/06/03;9,6268
11/06/03;9,8307
12/06/03;9,8307
13/06/03;9,7433
16/06/03;9,6123
17/06/03;9,5831
18/06/03;9,5831
19/06/03;9,6006
20/06/03;9,6268
23/06/03;9,6356
24/06/03;9,6385
25/06/03;9,6472
26/06/03;9,6647
27/06/03;9,6793
30/06/03;9,6938
01/07/03;9,6938
02/07/03;9,6996
03/07/03;9,6996
04/07/03;9,6996
07/07/03;9,6996
08/07/03;9,6996
09/07/03;9,7055
10/07/03;9,7055
11/07/03;9,7055
14/07/03;9,7055
15/07/03;9,7055
16/07/03;9,6996
17/07/03;9,7055
18/07/03;9,7142
21/07/03;9,7142
22/07/03;9,72
23/07/03;9,72
24/07/03;9,72
25/07/03;9,723
28/07/03;9,7346
29/07/03;9,7433
30/07/03;9,755
31/07/03;9,7579
01/08/03;9,7579
04/08/03;9,6896
05/08/03;9,6896
06/08/03;9,6603
07/08/03;9,6603
08/08/03;9,6457
11/08/03;9,6457
12/08/03;9,6457
13/08/03;9,6457
14/08/03;9,6457
18/08/03;9,6311
19/08/03;9,6311
20/08/03;9,6457
21/08/03;9,6515
22/08/03;9,6515
25/08/03;9,6515
26/08/03;9,6515
27/08/03;9,6515
28/08/03;9,6515
29/08/03;9,6515
01/09/03;9,6515
02/09/03;9,6457
03/09/03;9,6311
04/09/03;9,6311
05/09/03;9,6281
08/09/03;9,6252
09/09/03;9,6193
10/09/03;9,6164
11/09/03;9,6164
12/09/03;9,6164
15/09/03;9,6018
16/09/03;9,6018
17/09/03;9,6106
18/09/03;9,6018
19/09/03;9,6223
22/09/03;9,6018
23/09/03;9,6018
24/09/03;9,5871
25/09/03;9,5813
26/09/03;9,5784
29/09/03;9,5667
30/09/03;9,5579
01/10/03;9,5579
02/10/03;9,5579
03/10/03;9,5432
06/10/03;9,5432
07/10/03;9,4847
08/10/03;9,4847
09/10/03;9,4935
10/10/03;9,4993
13/10/03;9,4993
14/10/03;9,5052
15/10/03;9,4993
16/10/03;9,4993
17/10/03;9,47
20/10/03;9,4554
21/10/03;9,4554
22/10/03;9,3969
23/10/03;9,3969
24/10/03;9,3676
27/10/03;9,309
28/10/03;9,2827
29/10/03;9,2798
30/10/03;9,2798
31/10/03;9,2856
03/11/03;9,2944
04/11/03;9,2944
05/11/03;9,3032
06/11/03;9,309
07/11/03;9,3149
10/11/03;9,3149
11/11/03;9,3149
12/11/03;9,3208
13/11/03;9,3325
14/11/03;9,3412
17/11/03;9,3412
18/11/03;9,3412
19/11/03;9,3442
20/11/03;9,3471
21/11/03;9,35
24/11/03;9,353
25/11/03;9,3559
26/11/03;9,3588
27/11/03;9,3734
28/11/03;9,3969
01/12/03;9,4115
02/12/03;9,4203
03/12/03;9,4232
04/12/03;9,4408
05/12/03;9,4554
08/12/03;9,4583
09/12/03;9,4642
10/12/03;9,4642
11/12/03;9,4642
12/12/03;9,4642
15/12/03;9,473
16/12/03;9,4759
17/12/03;9,4759
18/12/03;9,4818
19/12/03;9,4115
22/12/03;9,4086
23/12/03;9,3969
29/12/03;9,4056
30/12/03;9,4115
02/01/04;9,4144
05/01/04;9,4144
06/01/04;9,4144
07/01/04;9,4203
08/01/04;9,391
09/01/04;9,391
12/01/04;9,353
13/01/04;9,3471
14/01/04;9,3237
15/01/04;9,309
16/01/04;9,309
19/01/04;9,309
20/01/04;9,309
21/01/04;9,2212
22/01/04;9,2212
23/01/04;9,2212
26/01/04;9,2212
27/01/04;9,2212
28/01/04;9,2212
29/01/04;9,2212
30/01/04;9,2212
02/02/04;9,2212
03/02/04;9,2212
04/02/04;9,2212
05/02/04;9,1919
06/02/04;9,1919
09/02/04;9,1334
10/02/04;9,1334
11/02/04;9,148
12/02/04;9,1597
13/02/04;9,1773
16/02/04;9,1832
17/02/04;9,189
18/02/04;9,1919
19/02/04;9,2007
20/02/04;9,2066
23/02/04;9,2095
24/02/04;9,2095
25/02/04;9,2183
26/02/04;9,2183
27/02/04;9,2212
01/03/04;9,2271
02/03/04;9,2329
03/03/04;9,2388
04/03/04;9,2417
05/03/04;9,2476
08/03/04;9,2505
09/03/04;9,2505
10/03/04;9,2505
11/03/04;9,2183
12/03/04;9,1949
15/03/04;9,1627
16/03/04;9,1188
17/03/04;9,1334
18/03/04;9,148
19/03/04;9,1539
22/03/04;9,1568
23/03/04;9,1568
24/03/04;9,1568
25/03/04;9,1627
26/03/04;9,1685
29/03/04;9,1715
30/03/04;9,1802
31/03/04;9,1861
01/04/04;9,1919
02/04/04;9,2037
05/04/04;9,2095
06/04/04;9,2183
07/04/04;9,2271
08/04/04;9,2359
13/04/04;9,2446
14/04/04;9,2505
15/04/04;9,2563
16/04/04;9,2563
19/04/04;9,2622
20/04/04;9,2622
21/04/04;9,2651
22/04/04;9,2651
23/04/04;9,2651
26/04/04;9,2681
27/04/04;9,271
28/04/04;9,2827
29/04/04;9,2886
30/04/04;9,2886
03/05/04;9,2886
04/05/04;9,2944
05/05/04;9,2944
06/05/04;9,2944
07/05/04;9,2944
10/05/04;9,2944
11/05/04;9,2973
12/05/04;9,2973
13/05/04;9,2973
14/05/04;9,3032
17/05/04;9,3032
18/05/04;9,3032
19/05/04;9,3061
20/05/04;9,3061
21/05/04;9,3061
24/05/04;9,0895
25/05/04;9,0895
26/05/04;9,1012
27/05/04;9,1041
28/05/04;9,1129
31/05/04;9,1129
01/06/04;9,1129
02/06/04;9,1129
03/06/04;9,1158
04/06/04;9,1188
07/06/04;9,1188
08/06/04;9,1188
09/06/04;9,1188
10/06/04;9,1188
11/06/04;9,1188
14/06/04;9,1188
15/06/04;9,1188
16/06/04;9,1246
17/06/04;9,1275
18/06/04;9,1275
21/06/04;9,1275
22/06/04;9,1334
23/06/04;9,148
24/06/04;9,1539
25/06/04;9,1597
28/06/04;9,1627
29/06/04;9,1627
30/06/04;9,1715
01/07/04;9,1744
02/07/04;9,1832
05/07/04;9,1949
06/07/04;9,2007
07/07/04;9,2124
08/07/04;9,2212
09/07/04;9,2271
12/07/04;9,23
13/07/04;9,2329
14/07/04;9,2417
15/07/04;9,2476
16/07/04;9,2505
19/07/04;9,2563
20/07/04;9,2593
21/07/04;9,2681
22/07/04;9,2739
23/07/04;9,2739
26/07/04;9,2798
27/07/04;9,2886
28/07/04;9,2944
29/07/04;9,309
30/07/04;9,3208
02/08/04;9,3295
03/08/04;9,3354
04/08/04;9,3442
05/08/04;9,353
06/08/04;9,3559
09/08/04;9,3559
10/08/04;9,3588
11/08/04;9,3617
12/08/04;9,3617
13/08/04;9,3647
16/08/04;9,3705
17/08/04;9,3734
18/08/04;9,3764
19/08/04;9,3822
20/08/04;9,3822
23/08/04;9,3822
24/08/04;9,3852
25/08/04;9,3939
26/08/04;9,4056
27/08/04;9,4261
30/08/04;9,4466
31/08/04;9,47
01/09/04;9,514
02/09/04;9,5725
03/09/04;9,6603
06/09/04;9,7042
07/09/04;9,7364
08/09/04;9,7862
09/09/04;9,836
10/09/04;9,8652
13/09/04;9,8652
14/09/04;9,8682
15/09/04;9,8974
16/09/04;9,9823
17/09/04;10,3629
20/09/04;10,0994
21/09/04;10,0819
22/09/04;10,0994
23/09/04;10,2458
24/09/04;10,1287
27/09/04;10,0994
28/09/04;10,1726
29/09/04;10,2165
30/09/04;10,2458
01/10/04;10,2458
04/10/04;10,2165
05/10/04;10,2165
06/10/04;10,2165
07/10/04;10,2165
08/10/04;10,2165
11/10/04;10,2458
12/10/04;10,2458
13/10/04;10,2458
14/10/04;10,2458
15/10/04;10,2458
18/10/04;10,2312
19/10/04;10,2165
20/10/04;10,2165
21/10/04;10,2019
22/10/04;10,1873
25/10/04;10,1873
26/10/04;10,1873
27/10/04;10,1873
28/10/04;10,1873
29/10/04;10,1873
01/11/04;10,1873
02/11/04;10,1873
03/11/04;10,1873
04/11/04;10,1873
05/11/04;10,1931
08/11/04;10,1873
09/11/04;10,1873
10/11/04;10,1873
11/11/04;10,1814
12/11/04;10,1726
15/11/04;10,1726
16/11/04;10,1726
17/11/04;10,1726
18/11/04;10,1726
19/11/04;10,1726
22/11/04;10,2019
23/11/04;10,2165
24/11/04;10,2312
25/11/04;10,2312
26/11/04;10,2312
29/11/04;10,2341
30/11/04;10,2399
01/12/04;10,2458
02/12/04;10,2458
03/12/04;10,2458
06/12/04;10,2487
07/12/04;10,2487
08/12/04;10,2517
09/12/04;10,2517
10/12/04;10,2546
13/12/04;10,2663
14/12/04;10,2663
15/12/04;10,2721
16/12/04;10,278
17/12/04;10,278
20/12/04;10,278
21/12/04;10,278
22/12/04;10,278
23/12/04;10,2809
27/12/04;10,2839
28/12/04;10,2897
29/12/04;10,2985
30/12/04;10,3073
03/01/05;10,319
04/01/05;10,3248
05/01/05;10,3336
06/01/05;10,3336
07/01/05;10,3424
10/01/05;10,3541
11/01/05;10,3629
12/01/05;10,3775
13/01/05;10,3892
14/01/05;10,4039
17/01/05;10,4185
18/01/05;10,4361
19/01/05;10,4536
20/01/05;10,4946
21/01/05;10,5444
24/01/05;10,8313
25/01/05;11,0362
26/01/05;11,124
27/01/05;11,2411
28/01/05;11,2704
31/01/05;11,2411
01/02/05;11,124
02/02/05;11,0508
03/02/05;11,0216
04/02/05;11,0216
07/02/05;11,0216
08/02/05;11,0508
09/02/05;11,0947
10/02/05;11,1035
11/02/05;11,1035
14/02/05;11,1035
15/02/05;11,1035
16/02/05;11,1035
17/02/05;11,1035
18/02/05;11,1035
21/02/05;11,0947
22/02/05;11,0918
23/02/05;11,083
24/02/05;11,0772
25/02/05;11,0772
28/02/05;11,0801
01/03/05;11,0801
02/03/05;11,0801
03/03/05;11,0801
04/03/05;11,083
07/03/05;11,086
08/03/05;11,086
09/03/05;11,0889
10/03/05;11,0889
11/03/05;11,0947
14/03/05;11,0947
15/03/05;11,0947
16/03/05;11,0947
17/03/05;11,1035
18/03/05;11,1152
21/03/05;11,1328
22/03/05;11,1474
23/03/05;11,1386
24/03/05;11,1328
29/03/05;11,1299
30/03/05;11,1299
31/03/05;11,1328
01/04/05;11,1357
04/04/05;11,1357
05/04/05;11,1386
06/04/05;11,1445
07/04/05;11,1474
08/04/05;11,1621
11/04/05;11,1826
12/04/05;11,2031
13/04/05;11,2031
14/04/05;11,2031
15/04/05;11,1972
18/04/05;11,1709
19/04/05;11,1621
20/04/05;11,165
21/04/05;11,165
22/04/05;11,1738
25/04/05;11,1738
26/04/05;11,1855
27/04/05;11,2089
28/04/05;11,3143
29/04/05;12,0022
02/05/05;11,7095
03/05/05;11,7973
04/05/05;12,1486
05/05/05;12,1486
06/05/05;12,1193
09/05/05;12,2657
10/05/05;12,8804
11/05/05;12,4413
12/05/05;12,2071
13/05/05;12,0022
16/05/05;11,9905
17/05/05;12,2218
18/05/05;12,3828
19/05/05;12,4472
20/05/05;12,3828
23/05/05;12,09
24/05/05;12,0022
25/05/05;11,9495
26/05/05;11,929
27/05/05;11,929
30/05/05;11,9378
31/05/05;11,9378
01/06/05;12,0461
02/06/05;12,0461
03/06/05;12,2862
06/06/05;12,4413
07/06/05;12,3242
08/06/05;12,3828
09/06/05;12,3828
10/06/05;12,3828
13/06/05;12,3828
14/06/05;12,3681
15/06/05;12,3359
16/06/05;12,295
17/06/05;12,295
20/06/05;12,2803
21/06/05;12,2715
22/06/05;12,2715
23/06/05;12,2803
24/06/05;12,292
27/06/05;12,295
28/06/05;12,295
29/06/05;12,295
30/06/05;12,295
01/07/05;12,3008
04/07/05;12,3067
05/07/05;12,3184
06/07/05;12,3272
07/07/05;12,3067
08/07/05;12,3067
11/07/05;12,3184
12/07/05;12,3184
13/07/05;12,3184
14/07/05;12,3242
15/07/05;12,3272
18/07/05;12,3301
19/07/05;12,3359
20/07/05;12,3389
21/07/05;12,3389
22/07/05;12,3389
25/07/05;12,3418
26/07/05;12,3477
27/07/05;12,3594
28/07/05;12,3769
29/07/05;12,3828
01/08/05;12,3828
02/08/05;12,3828
03/08/05;12,3886
04/08/05;12,3916
05/08/05;12,3916
08/08/05;12,3916
09/08/05;12,4003
10/08/05;12,4062
11/08/05;12,4062
12/08/05;12,4062
16/08/05;12,4062
17/08/05;12,4121
18/08/05;12,4121
19/08/05;12,4121
22/08/05;12,4121
23/08/05;12,4179
24/08/05;12,4179
25/08/05;12,4238
26/08/05;12,4267
29/08/05;12,4267
30/08/05;12,4267
31/08/05;12,4296
01/09/05;12,4325
02/09/05;12,4355
05/09/05;12,4355
06/09/05;12,4355
07/09/05;12,4355
08/09/05;12,4384
09/09/05;12,4413
12/09/05;12,4413
13/09/05;12,4443
14/09/05;12,4472
15/09/05;12,456
16/09/05;12,4647
19/09/05;12,4852
20/09/05;12,5028
21/09/05;12,5467
22/09/05;12,576
23/09/05;12,576
26/09/05;12,5731
27/09/05;12,5731
28/09/05;12,5818
29/09/05;12,6111
30/09/05;12,6375
03/10/05;12,6902
04/10/05;12,857
05/10/05;13,1732
06/10/05;12,8951
07/10/05;12,8951
10/10/05;12,9273
11/10/05;12,9243
12/10/05;12,9361
13/10/05;12,939
14/10/05;12,939
17/10/05;12,9331
18/10/05;12,939
19/10/05;12,9243
20/10/05;12,9097
21/10/05;12,9097
24/10/05;12,9009
25/10/05;12,9009
26/10/05;12,8921
27/10/05;12,8921
28/10/05;12,8892
31/10/05;12,8892
01/11/05;12,8921
02/11/05;12,8951
03/11/05;12,8951
04/11/05;12,8951
07/11/05;12,8951
08/11/05;12,898
09/11/05;12,9009
10/11/05;12,9009
11/11/05;12,9039
14/11/05;12,9039
15/11/05;12,9009
16/11/05;12,8951
17/11/05;12,8921
18/11/05;12,8863
21/11/05;12,8804
22/11/05;12,8804
23/11/05;12,8804
24/11/05;12,8804
25/11/05;12,8746
28/11/05;12,8687
29/11/05;12,8658
30/11/05;12,8512
01/12/05;12,8482
02/12/05;12,8219
05/12/05;12,7633
06/12/05;12,5584
07/12/05;12,1486
08/12/05;12,1515
09/12/05;12,1486
12/12/05;12,1632
13/12/05;12,1954
14/12/05;12,2218
15/12/05;12,295
16/12/05;12,4003
19/12/05;12,4267
20/12/05;12,4589
21/12/05;12,4999
22/12/05;12,5438
23/12/05;12,5789
27/12/05;12,5877
28/12/05;12,6053
29/12/05;12,6082
30/12/05;12,617
02/01/06;12,6199
03/01/06;12,6462
04/01/06;12,6755
05/01/06;12,6872
06/01/06;12,6872
09/01/06;12,6931
10/01/06;12,7048
11/01/06;12,8307
12/01/06;12,8804
13/01/06;13,0092
16/01/06;13,0239
17/01/06;12,8804
18/01/06;12,5877
19/01/06;12,7341
20/01/06;12,8073
23/01/06;12,7487
24/01/06;12,8512
25/01/06;12,939
26/01/06;13,0092
27/01/06;13,0268
30/01/06;13,0854
31/01/06;13,1732
01/02/06;13,1732
02/02/06;13,1439
03/02/06;13,0268
06/02/06;13,2551
07/02/06;13,3488
08/02/06;13,4074
09/02/06;13,4074
10/02/06;13,4074
13/02/06;13,4015
14/02/06;13,3986
15/02/06;13,3635
16/02/06;13,3195
17/02/06;13,2903
20/02/06;13,2903
21/02/06;13,3488
22/02/06;13,3342
23/02/06;13,3488
24/02/06;13,3927
27/02/06;13,4366
28/02/06;13,4513
01/03/06;13,4513
02/03/06;13,4308
03/03/06;13,4366
06/03/06;13,4366
07/03/06;13,4044
08/03/06;13,3488
09/03/06;13,3342
10/03/06;13,3195
13/03/06;13,3488
14/03/06;13,381
15/03/06;13,4074
16/03/06;13,4308
17/03/06;13,5976
20/03/06;13,6855
21/03/06;13,7001
22/03/06;13,7001
23/03/06;13,7586
24/03/06;13,7586
27/03/06;13,7147
28/03/06;13,5245
29/03/06;13,4952
30/03/06;13,4366
31/03/06;13,3781
03/04/06;13,3049
04/04/06;13,3049
05/04/06;13,3342
06/04/06;13,4952
07/04/06;13,5537
10/04/06;13,5537
11/04/06;13,4952
12/04/06;13,2024
13/04/06;13,3488
18/04/06;13,3195
19/04/06;13,4513
20/04/06;13,6445
21/04/06;14,0221
24/04/06;14,2124
25/04/06;14,2124
26/04/06;14,1978
27/04/06;14,0514
28/04/06;14,0221
02/05/06;14,0514
03/05/06;14,0514
04/05/06;14,0221
05/05/06;14,0514
08/05/06;14,0514
09/05/06;14,0953
10/05/06;14,1978
11/05/06;14,227
12/05/06;14,2563
15/05/06;14,1685
16/05/06;14,1392
17/05/06;14,1099
18/05/06;14,0514
19/05/06;14,0514
22/05/06;14,0367
23/05/06;13,9606
24/05/06;13,9167
25/05/06;14,0514
26/05/06;14,0807
29/05/06;13,9343
30/05/06;13,905
31/05/06;13,7879
01/06/06;13,8289
02/06/06;13,9021
05/06/06;13,8172
06/06/06;13,7294
07/06/06;13,6123
08/06/06;13,3195
09/06/06;13,3781
12/06/06;13,4659
13/06/06;13,3195
14/06/06;13,3195
15/06/06;13,2903
16/06/06;13,4659
19/06/06;13,4659
20/06/06;13,4659
21/06/06;13,4659
22/06/06;13,4659
23/06/06;13,6123
26/06/06;13,9197
27/06/06;14,1831
28/06/06;14,3148
29/06/06;14,5344
30/06/06;14,6661
03/07/06;14,754
04/07/06;14,71
05/07/06;14,4905
06/07/06;14,3148
07/07/06;14,2885
10/07/06;14,2885
11/07/06;14,3148
12/07/06;14,4027
13/07/06;14,4905
14/07/06;14,5607
17/07/06;14,5432
18/07/06;14,71
19/07/06;14,71
20/07/06;14,7627
21/07/06;14,7891
24/07/06;14,8418
25/07/06;14,8418
26/07/06;14,9208
27/07/06;14,9823
28/07/06;15,2721
31/07/06;15,5443
01/08/06;15,8078
02/08/06;15,8078
03/08/06;15,8078
04/08/06;15,9835
07/08/06;16,2469
08/08/06;16,1591
09/08/06;15,8078
10/08/06;15,2809
11/08/06;15,4653
14/08/06;15,8078
16/08/06;15,8078
17/08/06;15,8078
18/08/06;15,8078
21/08/06;15,72
22/08/06;15,6322
23/08/06;15,4126
24/08/06;15,4302
25/08/06;15,5004
28/08/06;15,4565
29/08/06;15,4565
30/08/06;15,7815
31/08/06;15,7639
01/09/06;15,72
04/09/06;15,8078
05/09/06;15,8078
06/09/06;15,72
07/09/06;15,6936
08/09/06;15,6322
11/09/06;15,5443
12/09/06;15,5883
13/09/06;15,72
14/09/06;15,72
15/09/06;15,72
18/09/06;15,7024
19/09/06;15,6761
20/09/06;15,72
21/09/06;15,72
22/09/06;15,72
25/09/06;15,72
26/09/06;15,7288
27/09/06;15,7376
28/09/06;15,7024
29/09/06;15,6585
02/10/06;15,6234
03/10/06;15,5443
04/10/06;15,5443
05/10/06;15,6322
06/10/06;15,72
09/10/06;15,8078
10/10/06;15,7639
11/10/06;15,8078
12/10/06;15,8956
13/10/06;15,8956
16/10/06;16,1064
17/10/06;16,0801
18/10/06;15,8956
19/10/06;15,9835
20/10/06;15,9835
23/10/06;15,9835
24/10/06;15,9395
25/10/06;15,9835
26/10/06;15,9835
27/10/06;16,1591
30/10/06;16,4807
31/10/06;16,5703
01/11/06;16,7584
02/11/06;16,7942
03/11/06;16,839
06/11/06;16,5613
07/11/06;16,5434
08/11/06;16,5434
09/11/06;16,3822
10/11/06;16,0956
13/11/06;16,015
14/11/06;15,585
15/11/06;15,2716
16/11/06;15,4507
17/11/06;15,8538
20/11/06;15,8538
21/11/06;15,7194
22/11/06;15,585
23/11/06;15,5671
24/11/06;15,585
27/11/06;15,6836
28/11/06;15,6746
29/11/06;15,585
30/11/06;15,5403
01/12/06;15,5492
04/12/06;15,585
05/12/06;15,6567
06/12/06;15,7194
07/12/06;15,9881
08/12/06;16,1225
11/12/06;16,3016
12/12/06;16,436
13/12/06;16,5076
14/12/06;16,5703
15/12/06;16,5703
18/12/06;16,5524
19/12/06;16,3016
20/12/06;16,4628
21/12/06;16,5703
22/12/06;16,5703
27/12/06;16,5703
28/12/06;16,642
29/12/06;16,6599
02/01/07;16,7047
03/01/07;16,7853
04/01/07;16,8659
05/01/07;17,0271
08/01/07;17,0182
09/01/07;17,1525
10/01/07;17,1973
11/01/07;17,466
12/01/07;17,6451
15/01/07;17,8243
16/01/07;17,9138
17/01/07;17,8243
18/01/07;17,7795
19/01/07;17,6899
22/01/07;17,6899
23/01/07;17,6899
24/01/07;18,0482
25/01/07;18,4513
26/01/07;18,5408
29/01/07;18,3975
30/01/07;18,2721
31/01/07;18,4513
01/02/07;18,4513
02/02/07;18,4513
05/02/07;18,4065
06/02/07;18,3169
07/02/07;18,2273
08/02/07;18,2721
09/02/07;18,4065
12/02/07;18,3617
13/02/07;18,4513
14/02/07;18,4065
15/02/07;18,5498
16/02/07;18,6214
19/02/07;18,9439
20/02/07;18,9708
21/02/07;18,8543
22/02/07;18,7558
23/02/07;18,72
26/02/07;18,5229
27/02/07;18,093
28/02/07;17,8243
01/03/07;17,7795
02/03/07;17,9676
05/03/07;17,6989
06/03/07;17,2421
07/03/07;16,7853
08/03/07;17,466
09/03/07;17,8243
12/03/07;17,7795
13/03/07;17,466
14/03/07;17,1525
15/03/07;17,466
16/03/07;17,1973
19/03/07;17,0988
20/03/07;17,0629
21/03/07;17,1525
22/03/07;17,2421
23/03/07;17,5556
26/03/07;17,1077
27/03/07;17,1973
28/03/07;17,1077
29/03/07;17,1973
30/03/07;17,1973
02/04/07;17,1973
03/04/07;17,2869
04/04/07;17,4391
05/04/07;17,2869
10/04/07;17,3764
11/04/07;17,3943
12/04/07;17,2331
13/04/07;17,1973
16/04/07;17,3764
17/04/07;17,9138
18/04/07;17,887
19/04/07;17,7347
20/04/07;17,887
23/04/07;17,9049
24/04/07;17,9049
25/04/07;18,1557
26/04/07;18,5408
27/04/07;18,4513
30/04/07;18,5856
02/05/07;18,7648
03/05/07;18,496
04/05/07;18,5408
07/05/07;18,4065
08/05/07;18,3169
09/05/07;18,1378
10/05/07;18,1288
11/05/07;18,093
14/05/07;18,093
15/05/07;17,9228
16/05/07;18,0034
17/05/07;18,3617
18/05/07;18,72
21/05/07;18,6394
22/05/07;18,0482
23/05/07;18,3617
24/05/07;18,2452
25/05/07;18,3169
28/05/07;18,3438
29/05/07;18,3259
30/05/07;17,9138
31/05/07;17,6899
01/06/07;17,6899
04/06/07;17,0988
05/06/07;17,1256
06/06/07;17,1973
07/06/07;16,8211
08/06/07;16,5613
11/06/07;16,5166
12/06/07;16,5703
13/06/07;16,5703
14/06/07;16,6778
15/06/07;17,0182
18/06/07;17,3316
19/06/07;17,2869
20/06/07;17,3764
21/06/07;17,1973
22/06/07;16,839
25/06/07;16,7047
26/06/07;16,5255
27/06/07;16,3822
28/06/07;16,3822
29/06/07;16,7494
02/07/07;16,7494
03/07/07;16,9286
04/07/07;16,7942
05/07/07;16,839
06/07/07;16,839
09/07/07;16,7494
10/07/07;16,5613
11/07/07;16,4628
12/07/07;16,6867
13/07/07;16,7047
16/07/07;16,6599
17/07/07;16,6599
18/07/07;16,5613
19/07/07;16,4807
20/07/07;16,4001
23/07/07;16,2568
24/07/07;15,7642
25/07/07;16,0329
26/07/07;16,0956
27/07/07;16,0329
30/07/07;15,9433
31/07/07;15,9881
01/08/07;15,809
02/08/07;16,1225
03/08/07;15,9344
06/08/07;15,7642
07/08/07;15,8985
08/08/07;16,1225
09/08/07;16,0777
10/08/07;15,5761
13/08/07;15,5582
14/08/07;15,5403
16/08/07;15,1372
17/08/07;15,0208
20/08/07;15,2447
21/08/07;15,3611
22/08/07;15,4507
23/08/07;15,9433
24/08/07;16,0508
27/08/07;16,0239
28/08/07;15,9254
29/08/07;15,6925
30/08/07;15,6925
31/08/07;15,9433
03/09/07;15,9254
04/09/07;15,9254
05/09/07;15,809
06/09/07;15,6746
07/09/07;15,3611
10/09/07;15,2268
11/09/07;15,2268
12/09/07;15,2178
13/09/07;15,0924
14/09/07;14,9581
17/09/07;14,4206
18/09/07;14,2863
19/09/07;14,3311
20/09/07;14,0624
21/09/07;13,7937
24/09/07;14,1072
25/09/07;14,2505
26/09/07;14,2415
27/09/07;14,1967
28/09/07;14,2863
01/10/07;14,3311
02/10/07;14,4206
03/10/07;14,4744
04/10/07;14,6535
05/10/07;14,967
08/10/07;15,2268
09/10/07;15,4955
10/10/07;15,2268
11/10/07;15,2268
12/10/07;15,1014
15/10/07;15,1282
16/10/07;14,9581
17/10/07;14,8774
18/10/07;14,9491
19/10/07;14,9401
22/10/07;14,7341
23/10/07;14,761
24/10/07;14,7789
25/10/07;14,6894
26/10/07;14,5998
29/10/07;14,6446
30/10/07;14,6446
31/10/07;14,6446
01/11/07;14,8237
02/11/07;14,5998
05/11/07;14,4654
06/11/07;14,4654
07/11/07;14,4206
08/11/07;14,3311
09/11/07;14,1878
12/11/07;14,1878
13/11/07;14,2415
14/11/07;14,3311
15/11/07;14,2415
16/11/07;14,1967
19/11/07;14,1519
20/11/07;14,0624
21/11/07;13,8743
22/11/07;13,7041
23/11/07;13,8384
26/11/07;13,928
27/11/07;14,2415
28/11/07;14,3311
29/11/07;14,4206
30/11/07;14,4654
03/12/07;14,5998
04/12/07;14,5102
05/12/07;14,3311
06/12/07;14,2415
07/12/07;14,3311
10/12/07;14,2415
11/12/07;14,2415
12/12/07;14,1519
13/12/07;14,0892
14/12/07;14,0624
17/12/07;13,9997
18/12/07;13,8832
19/12/07;13,8384
20/12/07;13,7937
21/12/07;14,0892
27/12/07;14,2594
28/12/07;14,3311
02/01/08;14,3311
03/01/08;14,2236
04/01/08;14,0624
07/01/08;13,8832
08/01/08;13,8384
09/01/08;13,6056
10/01/08;13,4802
11/01/08;13,5339
14/01/08;13,6503
15/01/08;13,4533
16/01/08;13,4354
17/01/08;13,4354
18/01/08;13,4354
21/01/08;13,2383
22/01/08;12,9875
23/01/08;12,9965
24/01/08;13,0771
25/01/08;13,2562
28/01/08;13,1846
29/01/08;13,4354
30/01/08;13,3996
31/01/08;13,3369
01/02/08;13,3906
04/02/08;13,3458
05/02/08;13,3458
06/02/08;13,2383
07/02/08;13,0502
08/02/08;13,0234
11/02/08;13,1129
12/02/08;13,1488
13/02/08;13,2742
14/02/08;13,4354
15/02/08;13,525
18/02/08;13,6056
19/02/08;13,4354
20/02/08;13,2562
21/02/08;13,2562
22/02/08;13,301
25/02/08;13,2831
26/02/08;13,2831
27/02/08;13,2562
28/02/08;13,2025
29/02/08;13,0771
03/03/08;12,5397
04/03/08;12,674
05/03/08;12,7188
06/03/08;12,5486
07/03/08;12,5397
10/03/08;12,5218
11/03/08;12,3158
12/03/08;12,3606
13/03/08;11,8769
14/03/08;11,8231
17/03/08;11,1962
18/03/08;10,8468
19/03/08;11,017
20/03/08;10,9722
25/03/08;11,0618
26/03/08;11,4649
27/03/08;11,9575
28/03/08;12,271
31/03/08;12,4501
01/04/08;13,0771
02/04/08;13,4354
03/04/08;13,4354
04/04/08;13,301
07/04/08;13,0323
08/04/08;12,9428
09/04/08;12,7188
10/04/08;12,5397
11/04/08;12,5397
14/04/08;12,5845
15/04/08;12,3606
16/04/08;12,4053
17/04/08;12,5397
18/04/08;12,674
21/04/08;12,7188
22/04/08;12,4501
23/04/08;12,3158
24/04/08;12,3606
25/04/08;12,0918
28/04/08;12,3606
29/04/08;12,5397
30/04/08;12,7636
02/05/08;12,898
05/05/08;12,8621
06/05/08;12,7636
07/05/08;12,7905
08/05/08;12,5397
09/05/08;12,5397
12/05/08;12,5397
13/05/08;12,5397
14/05/08;12,4053
15/05/08;12,2262
16/05/08;12,262
19/05/08;12,065
20/05/08;11,7336
21/05/08;11,644
22/05/08;11,7336
23/05/08;11,7336
26/05/08;11,644
27/05/08;11,635
28/05/08;11,4649
29/05/08;11,5992
30/05/08;11,6261
02/06/08;11,4559
03/06/08;11,5813
04/06/08;11,4469
05/06/08;11,2857
06/06/08;11,2051
09/06/08;10,9274
10/06/08;10,7483
11/06/08;10,7483
12/06/08;10,7483
13/06/08;10,7483
16/06/08;10,7483
17/06/08;10,7483
18/06/08;10,7483
19/06/08;10,7483
20/06/08;10,4796
23/06/08;10,3005
24/06/08;10,2109
25/06/08;10,1213
26/06/08;9,987
27/06/08;9,9332
30/06/08;9,763
01/07/08;8,9569
02/07/08;9,3824
03/07/08;9,6645
04/07/08;9,8526
07/07/08;9,8526
08/07/08;9,763
09/07/08;9,763
10/07/08;9,763
11/07/08;9,7451
14/07/08;9,7183
15/07/08;9,6556
16/07/08;9,5481
17/07/08;9,5481
18/07/08;9,5033
21/07/08;9,7183
22/07/08;9,5481
23/07/08;9,5123
24/07/08;9,6287
25/07/08;9,4764
28/07/08;9,3958
29/07/08;9,3958
30/07/08;9,6735
31/07/08;9,6824
01/08/08;9,763
04/08/08;9,8526
05/08/08;10,4438
06/08/08;10,7662
07/08/08;10,811
08/08/08;10,811
11/08/08;10,7573
12/08/08;10,8468
13/08/08;10,8827
14/08/08;10,8916
18/08/08;10,8289
19/08/08;10,8379
20/08/08;10,5692
21/08/08;10,8289
22/08/08;10,596
25/08/08;10,5692
26/08/08;10,3542
27/08/08;10,2467
28/08/08;10,7035
29/08/08;10,614
01/09/08;10,6587
02/09/08;10,6587
03/09/08;10,39
04/09/08;10,3005
05/09/08;10,0765
08/09/08;10,2825
09/09/08;10,2825
10/09/08;10,2825
11/09/08;10,2557
12/09/08;10,7483
15/09/08;10,3005
16/09/08;9,9422
17/09/08;9,8526
18/09/08;9,7183
19/09/08;9,9422
22/09/08;9,9959
23/09/08;9,557
24/09/08;9,7183
25/09/08;9,8526
26/09/08;9,6735
29/09/08;9,3689
30/09/08;9,0554
01/10/08;9,0465
02/10/08;9,1361
03/10/08;9,1361
06/10/08;8,5986
07/10/08;8,6166
08/10/08;8,1508
09/10/08;8,4195
10/10/08;8,0612
13/10/08;8,8763
14/10/08;9,4854
15/10/08;8,9569
16/10/08;8,7778
17/10/08;8,7151
20/10/08;8,9569
21/10/08;9,1361
22/10/08;9,0913
23/10/08;9,2256
24/10/08;8,8674
27/10/08;8,6972
28/10/08;8,7778
29/10/08;8,9569
30/10/08;8,9748
31/10/08;8,733
03/11/08;9,0465
04/11/08;9,3152
05/11/08;9,4048
06/11/08;9,145
07/11/08;9,2346
10/11/08;9,3421
11/11/08;9,2704
12/11/08;8,9121
13/11/08;8,9121
14/11/08;8,939
17/11/08;8,7599
18/11/08;8,8674
19/11/08;8,7688
20/11/08;8,5091
21/11/08;8,5091
24/11/08;8,6882
25/11/08;8,8226
26/11/08;8,8674
27/11/08;8,8674
28/11/08;8,8674
01/12/08;8,6703
02/12/08;8,6703
03/12/08;8,4195
04/12/08;8,4732
05/12/08;8,3747
08/12/08;8,5001
09/12/08;8,4195
10/12/08;8,2852
11/12/08;8,3658
12/12/08;8,1956
15/12/08;8,1956
16/12/08;8,2852
17/12/08;8,2852
18/12/08;8,0612
19/12/08;8,0612
22/12/08;8,0612
23/12/08;8,3299
29/12/08;8,9569
30/12/08;8,7778
02/01/09;8,9569
05/01/09;9,1988
06/01/09;9,1808
07/01/09;9,4048
08/01/09;9,36
09/01/09;9,4048
12/01/09;9,36
13/01/09;9,2704
14/01/09;9,0913
15/01/09;8,8226
16/01/09;8,9569
19/01/09;8,8226
20/01/09;8,4822
21/01/09;8,106
22/01/09;8,2404
23/01/09;8,1508
26/01/09;8,0612
27/01/09;8,0612
28/01/09;8,2404
29/01/09;8,2225
30/01/09;8,2404
02/02/09;8,0612
03/02/09;8,0612
04/02/09;8,1508
05/02/09;8,2852
06/02/09;8,2135
09/02/09;8,1956
10/02/09;8,1508
11/02/09;8,0612
12/02/09;8,0612
13/02/09;8,0612
16/02/09;8,0612
17/02/09;7,9717
18/02/09;7,7925
19/02/09;7,6134
20/02/09;7,1655
23/02/09;7,076
24/02/09;6,5386
25/02/09;6,5206
26/02/09;6,2698
27/02/09;6,2698
02/03/09;5,9116
03/03/09;5,3742
04/03/09;5,3742
05/03/09;5,6429
06/03/09;5,9116
09/03/09;6,1803
10/03/09;6,3146
11/03/09;6,8073
12/03/09;7,3671
13/03/09;7,9537
16/03/09;7,7925
17/03/09;7,4342
18/03/09;7,5238
19/03/09;7,6134
20/03/09;7,4342
23/03/09;7,703
24/03/09;7,694
25/03/09;7,6134
26/03/09;7,6134
27/03/09;7,6134
30/03/09;7,3895
31/03/09;7,3895
01/04/09;7,3357
02/04/09;7,479
03/04/09;7,6582
06/04/09;7,703
07/04/09;7,685
08/04/09;7,5865
09/04/09;7,7209
14/04/09;7,8731
15/04/09;7,7746
16/04/09;7,703
17/04/09;7,703
20/04/09;7,685
21/04/09;7,6044
22/04/09;7,703
23/04/09;7,6134
24/04/09;7,6134
27/04/09;7,5238
28/04/09;7,4342
29/04/09;7,7343
30/04/09;8,2852
04/05/09;8,9121
05/05/09;9,3689
06/05/09;9,3779
07/05/09;9,36
08/05/09;9,2256
11/05/09;9,1361
12/05/09;8,9659
13/05/09;8,7778
14/05/09;8,5091
15/05/09;8,9569
18/05/09;9,2704
19/05/09;9,1361
20/05/09;9,4048
21/05/09;9,3152
22/05/09;9,2256
25/05/09;9,4048
26/05/09;9,4048
27/05/09;9,5749
28/05/09;9,3869
29/05/09;9,4943
01/06/09;9,4048
02/06/09;9,3869
03/06/09;9,3062
04/06/09;9,0465
05/06/09;9,0465
08/06/09;8,8674
09/06/09;8,8853
10/06/09;8,9927
11/06/09;8,948
12/06/09;8,7375
15/06/09;8,5986
16/06/09;8,3075
17/06/09;8,3299
18/06/09;8,2404
19/06/09;8,4195
22/06/09;8,4822
23/06/09;8,3389
24/06/09;8,5449
25/06/09;8,6882
26/06/09;8,7509
29/06/09;8,5986
30/06/09;8,4374
01/07/09;8,2941
02/07/09;8,0702
03/07/09;8,1508
06/07/09;7,6134
07/07/09;7,488
08/07/09;7,3715
09/07/09;7,4342
10/07/09;7,4342
13/07/09;7,3268
14/07/09;7,3715
15/07/09;7,5238
16/07/09;7,5686
17/07/09;7,6716
20/07/09;8,2045
21/07/09;8,0702
22/07/09;7,9851
23/07/09;8,0657
24/07/09;8,0433
27/07/09;8,1508
28/07/09;7,9985
29/07/09;8,0164
30/07/09;7,9761
31/07/09;7,7522
03/08/09;7,8418
04/08/09;7,6895
05/08/09;7,7925
06/08/09;7,8283
07/08/09;7,9448
10/08/09;8,1553
11/08/09;8,2045
12/08/09;8,2359
13/08/09;8,2404
14/08/09;8,1239
17/08/09;8,012
18/08/09;8,0254
19/08/09;8,0612
20/08/09;8,106
21/08/09;8,321
24/08/09;8,3299
25/08/09;8,3568
26/08/09;8,8226
27/08/09;9,0107
28/08/09;8,9569
31/08/09;8,733
01/09/09;8,7867
02/09/09;8,8674
03/09/09;8,8539
04/09/09;9,0017
07/09/09;9,0823
08/09/09;8,9838
09/09/09;9,3689
10/09/09;9,36
11/09/09;9,4496
14/09/09;9,2973
15/09/09;9,3421
16/09/09;9,4764
17/09/09;9,351
18/09/09;9,4943
21/09/09;9,3152
22/09/09;9,3958
23/09/09;9,3689
24/09/09;9,2615
25/09/09;9,1629
28/09/09;9,2704
29/09/09;9,2256
30/09/09;9,1361
01/10/09;9,0107
02/10/09;8,8674
05/10/09;8,9748
06/10/09;9,2167
07/10/09;9,1002
08/10/09;9,1808
09/10/09;9,1092
12/10/09;9,154
13/10/09;9,0465
14/10/09;9,3779
15/10/09;9,2883
16/10/09;9,1181
19/10/09;9,1361
20/10/09;9,0465
21/10/09;9,0644
22/10/09;8,9032
23/10/09;8,9032
26/10/09;8,8181
27/10/09;8,6972
28/10/09;8,3255
29/10/09;8,5539
30/10/09;8,3075
02/11/09;8,5628
03/11/09;8,4509
04/11/09;8,5091
05/11/09;8,742
06/11/09;8,8987
09/11/09;9,0107
10/11/09;8,9121
11/11/09;8,8002
12/11/09;8,8942
13/11/09;8,8584
16/11/09;9,1808
17/11/09;9,0734
18/11/09;9,0375
19/11/09;8,8674
20/11/09;8,7867
23/11/09;9,0017
24/11/09;9,0017
25/11/09;8,845
26/11/09;8,7196
27/11/09;8,7599
30/11/09;8,8629
01/12/09;9,0375
02/12/09;9,0286
03/12/09;8,939
04/12/09;8,9569
07/12/09;8,8808
08/12/09;8,7509
09/12/09;8,7375
10/12/09;9,154
11/12/09;9,145
14/12/09;9,2346
15/12/09;9,2256
16/12/09;9,2525
17/12/09;9,2794
18/12/09;9,145
21/12/09;9,3869
22/12/09;9,2794
23/12/09;9,3421
28/12/09;9,4048
29/12/09;9,4137
30/12/09;9,3689
04/01/10;9,5302
05/01/10;9,7272
06/01/10;9,772
07/01/10;10,2557
08/01/10;10,2825
11/01/10;10,1213
12/01/10;10,0855
13/01/10;10,0765
14/01/10;10,0407
15/01/10;9,9422
18/01/10;10,1392
19/01/10;10,184
20/01/10;9,8168
21/01/10;9,6735
22/01/10;9,6197
25/01/10;9,8437
26/01/10;9,6824
27/01/10;9,6018
28/01/10;9,5929
29/01/10;9,6197
01/02/10;9,5123
02/02/10;9,5839
03/02/10;9,2256
04/02/10;8,7912
05/02/10;8,4732
08/02/10;8,4956
09/02/10;8,4329
10/02/10;8,7061
11/02/10;8,5001
12/02/10;8,4688
15/02/10;8,4329
16/02/10;8,5136
17/02/10;8,6255
18/02/10;8,5359
19/02/10;8,5897
22/02/10;8,5763
23/02/10;8,415
24/02/10;8,4374
25/02/10;8,2852
26/02/10;8,4016
01/03/10;8,836
02/03/10;9,0196
03/03/10;8,9569
04/03/10;9,1092
05/03/10;9,2973
08/03/10;9,2167
09/03/10;9,1361
10/03/10;9,2077
11/03/10;9,145
12/03/10;9,1719
15/03/10;9,0554
16/03/10;9,0196
17/03/10;9,2256
18/03/10;9,1271
19/03/10;9,4048
22/03/10;9,3242
23/03/10;9,36
24/03/10;9,2794
25/03/10;9,2615
26/03/10;9,2077
29/03/10;9,2704
30/03/10;9,0913
31/03/10;8,9927
01/04/10;9,1092
06/04/10;8,9748
07/04/10;8,9748
08/04/10;8,8584
09/04/10;8,9345
12/04/10;8,9524
13/04/10;8,9435
14/04/10;9,2525
15/04/10;9,2883
16/04/10;9,0554
19/04/10;8,9838
20/04/10;9,2704
21/04/10;9,1719
22/04/10;9,0017
23/04/10;9,0465
26/04/10;8,8584
27/04/10;8,5718
28/04/10;8,63
29/04/10;8,7957
30/04/10;8,845
03/05/10;8,7957
04/05/10;8,4822
05/05/10;8,1687
06/05/10;7,6582
07/05/10;7,3268
10/05/10;8,4688
11/05/10;8,2762
12/05/10;8,4688
13/05/10;8,2583
14/05/10;7,8687
17/05/10;7,9537
18/05/10;7,9761
19/05/10;7,7298
20/05/10;7,6223
21/05/10;7,7701
24/05/10;7,7836
25/05/10;7,4074
26/05/10;7,6537
27/05/10;7,7477
28/05/10;7,7074
31/05/10;7,8597
01/06/10;7,5372
02/06/10;7,5776
03/06/10;7,6223
04/06/10;7,2954
07/06/10;7,1655
08/06/10;7,1163
09/06/10;7,3447
10/06/10;7,6268
11/06/10;7,8194
14/06/10;7,9582
15/06/10;7,8955
16/06/10;7,8821
17/06/10;7,7791
18/06/10;8,1821
21/06/10;8,0254
22/06/10;7,9761
23/06/10;7,7925
24/06/10;7,5641
25/06/10;7,5596
28/06/10;7,5955
29/06/10;7,3223
30/06/10;7,4746
01/07/10;7,3939
02/07/10;7,479
05/07/10;7,4029
06/07/10;7,7298
07/07/10;8,2896
08/07/10;8,0926
09/07/10;8,1015
12/07/10;8,1598
13/07/10;8,2852
14/07/10;8,2628
15/07/10;8,1821
16/07/10;8,0164
19/07/10;7,9134
20/07/10;7,9224
21/07/10;7,9314
22/07/10;8,1508
23/07/10;8,0881
26/07/10;8,0971
27/07/10;8,5315
28/07/10;8,4598
29/07/10;8,5001
30/07/10;8,4867
02/08/10;8,5404
03/08/10;8,424
04/08/10;8,4912
05/08/10;8,4105
06/08/10;8,2001
09/08/10;8,3747
10/08/10;8,2896
11/08/10;7,9761
12/08/10;7,8955
13/08/10;7,8552
16/08/10;7,9269
17/08/10;8,1418
18/08/10;7,9134
19/08/10;7,7343
20/08/10;7,7567
23/08/10;8,0164
24/08/10;7,8597
25/08/10;7,6626
26/08/10;7,7925
27/08/10;7,7746
30/08/10;7,8328
31/08/10;7,6582
01/09/10;7,9358
02/09/10;7,909
03/09/10;7,9896
06/09/10;7,9537
07/09/10;7,9
08/09/10;7,9985
09/09/10;8,2269
10/09/10;8,1866
13/09/10;8,3434
14/09/10;8,3658
15/09/10;8,3479
16/09/10;8,3389
17/09/10;8,5091
20/09/10;8,424
21/09/10;8,4643
22/09/10;8,2807
23/09/10;8,1239
24/09/10;8,2583
27/09/10;8,1866
28/09/10;8,1329
29/09/10;8,0747
30/09/10;8,0881
01/10/10;8,003
04/10/10;7,9134
05/10/10;8,2672
06/10/10;8,2045
07/10/10;8,2314
08/10/10;8,1374
11/10/10;8,1463
12/10/10;8,1239
13/10/10;8,2404
14/10/10;8,0747
15/10/10;8,115
18/10/10;8,2225
19/10/10;8,2672
20/10/10;8,321
21/10/10;8,3031
22/10/10;8,218
25/10/10;8,2672
26/10/10;8,2986
27/10/10;8,2135
28/10/10;8,0881
29/10/10;7,9537
01/11/10;7,909
02/11/10;7,9045
03/11/10;7,8821
04/11/10;8,0433
05/11/10;7,7612
08/11/10;7,6761
09/11/10;7,6806
10/11/10;7,4746
11/11/10;7,5686
12/11/10;7,7701
15/11/10;7,9
16/11/10;7,7253
17/11/10;7,9314
18/11/10;8,0344
19/11/10;7,8507
22/11/10;7,8418
23/11/10;7,703
24/11/10;7,8642
25/11/10;7,8642
26/11/10;7,8821
29/11/10;7,9179
30/11/10;8,1821
01/12/10;8,2538
02/12/10;8,8091
03/12/10;8,7867
06/12/10;8,7016
07/12/10;8,6434
08/12/10;8,8629
09/12/10;8,9524
10/12/10;8,8405
13/12/10;8,8629
14/12/10;8,8226
15/12/10;8,7375
16/12/10;8,6524
17/12/10;8,415
20/12/10;8,4061
21/12/10;8,5091
22/12/10;8,5449
23/12/10;8,5449
27/12/10;8,4956
28/12/10;8,4822
29/12/10;8,4329
30/12/10;8,3747
03/01/11;8,5091
04/01/11;8,4956
05/01/11;8,4643
06/01/11;8,2941
07/01/11;8,2852
10/01/11;7,891
11/01/11;8,1329
12/01/11;8,4777
13/01/11;8,6658
14/01/11;8,6972
17/01/11;8,5225
18/01/11;8,6703
19/01/11;8,8181
20/01/11;8,8629
21/01/11;8,7016
24/01/11;8,5986
25/01/11;8,3882
26/01/11;8,3434
27/01/11;8,5225
28/01/11;8,415
31/01/11;8,3658
01/02/11;8,4956
02/02/11;8,6703
03/02/11;8,4553
04/02/11;8,5046
07/02/11;8,6076
08/02/11;8,5718
09/02/11;8,5001
10/02/11;8,2583
11/02/11;8,2225
14/02/11;8,0433
15/02/11;8,1329
16/02/11;8,5986
17/02/11;8,621
18/02/11;8,5404
21/02/11;8,1239
22/02/11;8,1105
23/02/11;8,1105
24/02/11;8,0254
25/02/11;8,1821
28/02/11;8,2672
01/03/11;8,2045
02/03/11;8,1508
03/03/11;8,0164
04/03/11;8,0881
07/03/11;8,0344
08/03/11;8,0971
09/03/11;7,9448
10/03/11;7,9134
11/03/11;7,9
14/03/11;8,0747
15/03/11;8,1284
16/03/11;7,9717
17/03/11;8,0612
18/03/11;8,1866
21/03/11;8,1687
22/03/11;8,115
23/03/11;8,1284
24/03/11;8,1508
25/03/11;8,106
28/03/11;8,115
29/03/11;7,6582
30/03/11;7,7477
31/03/11;7,6134
01/04/11;7,694
04/04/11;7,685
05/04/11;7,6537
06/04/11;8,0971
07/04/11;8,0971
08/04/11;8,1239
11/04/11;8,1418
12/04/11;8,0568
13/04/11;7,9717
14/04/11;7,8552
15/04/11;7,7477
18/04/11;7,6179
19/04/11;7,6268
20/04/11;7,3805
21/04/11;7,4342
26/04/11;7,2999
27/04/11;7,3895
28/04/11;7,4477
29/04/11;7,3895
02/05/11;7,3805
03/05/11;7,4611
04/05/11;7,3895
05/05/11;7,376
06/05/11;7,4119
09/05/11;7,3223
10/05/11;7,3268
11/05/11;7,3223
12/05/11;7,3178
13/05/11;7,2596
16/05/11;7,3088
17/05/11;7,2282
18/05/11;7,2954
19/05/11;7,2909
20/05/11;7,2641
23/05/11;7,1028
24/05/11;6,9774
25/05/11;7,1431
26/05/11;7,0849
27/05/11;7,2014
30/05/11;7,1163
31/05/11;7,1566
01/06/11;7,1118
02/06/11;7,0491
03/06/11;7,1655
06/06/11;7,0849
07/06/11;6,9371
08/06/11;6,758
09/06/11;6,7266
10/06/11;6,6729
13/06/11;6,7311
14/06/11;6,9774
15/06/11;6,5072
16/06/11;6,4221
17/06/11;6,7535
20/06/11;6,6729
21/06/11;6,8252
22/06/11;6,7177
23/06/11;6,4579
24/06/11;6,3818
27/06/11;6,337
28/06/11;6,5251
29/06/11;6,6819
30/06/11;6,9192
01/07/11;7,2685
04/07/11;7,1163
05/07/11;6,9685
06/07/11;6,5789
07/07/11;6,6326
08/07/11;6,3952
11/07/11;6,1534
12/07/11;6,4938
13/07/11;6,4579
14/07/11;6,4848
15/07/11;6,5744
18/07/11;6,243
19/07/11;6,346
20/07/11;6,6505
21/07/11;7,0849
22/07/11;6,9461
25/07/11;6,4938
26/07/11;6,44
27/07/11;6,1534
28/07/11;6,3505
29/07/11;6,2833
01/08/11;6,0907
02/08/11;5,7996
03/08/11;5,8713
04/08/11;5,8757
05/08/11;5,7324
08/08/11;5,6518
09/08/11;5,8668
10/08/11;5,3562
11/08/11;5,6921
12/08/11;6,2878
16/08/11;6,6729
17/08/11;6,767
18/08/11;6,4087
19/08/11;6,3281
22/08/11;6,4938
23/08/11;6,449
24/08/11;6,3505
25/08/11;6,6192
26/08/11;6,3773
29/08/11;6,5162
30/08/11;6,5162
31/08/11;6,4445
01/09/11;6,4848
02/09/11;6,2967
05/09/11;5,9026
06/09/11;5,9026
07/09/11;6,3325
08/09/11;6,5386
09/09/11;6,3057
12/09/11;6,3057
13/09/11;6,4579
14/09/11;6,5386
15/09/11;6,7983
16/09/11;7,5462
19/09/11;7,4163
20/09/11;7,4208
21/09/11;7,3223
22/09/11;7,0536
23/09/11;6,9909
26/09/11;7,1655
27/09/11;7,1073
28/09/11;7,1163
29/09/11;6,9595
30/09/11;6,5654
03/10/11;6,4848
04/10/11;6,2251
05/10/11;6,2251
06/10/11;6,243
07/10/11;6,0011
10/10/11;6,0728
11/10/11;5,822
12/10/11;5,7414
13/10/11;5,6026
14/10/11;5,6249
17/10/11;5,6563
18/10/11;5,7503
19/10/11;5,6832
20/10/11;5,6653
21/10/11;5,719
24/10/11;5,6384
25/10/11;5,6429
26/10/11;5,4995
27/10/11;5,5846
28/10/11;5,195
31/10/11;5,2443
01/11/11;4,8457
02/11/11;4,8502
03/11/11;5,1323
04/11/11;5,2846
07/11/11;5,2667
08/11/11;5,2308
09/11/11;5,1323
10/11/11;5,1502
11/11/11;5,4324
14/11/11;5,2756
15/11/11;5,3294
16/11/11;5,2935
17/11/11;5,1144
18/11/11;5,2532
21/11/11;4,8591
22/11/11;4,6666
23/11/11;4,362
24/11/11;4,251
25/11/11;4,1112
28/11/11;4,3352
29/11/11;4,4176
30/11/11;4,9711
01/12/11;4,8591
02/12/11;5,1234
05/12/11;5,3652
06/12/11;5,4369
07/12/11;5,5085
08/12/11;5,0472
09/12/11;5,2577
12/12/11;4,7606
13/12/11;4,7472
14/12/11;4,8054
15/12/11;5,0517
16/12/11;5,6339
19/12/11;5,4189
20/12/11;5,5488
21/12/11;5,3159
22/12/11;5,4369
23/12/11;5,4637
27/12/11;5,2711
28/12/11;5,1234
29/12/11;4,989
30/12/11;4,9532
02/01/12;4,9621
03/01/12;5,0741
04/01/12;4,9442
05/01/12;4,6486
06/01/12;4,4829
09/01/12;4,3871
10/01/12;4,7337
11/01/12;4,9263
12/01/12;5,0651
13/01/12;5,1681
16/01/12;5,2711
17/01/12;5,1278
18/01/12;5,092
19/01/12;5,3652
20/01/12;5,3204
23/01/12;5,4727
24/01/12;5,4548
25/01/12;5,4816
26/01/12;5,4995
27/01/12;5,4234
30/01/12;5,2756
31/01/12;5,1368
01/02/12;5,5354
02/02/12;5,5488
03/02/12;5,5264
06/02/12;5,5219
07/02/12;5,5443
08/02/12;5,4861
09/02/12;5,5936
10/02/12;5,3652
13/02/12;5,5175
14/02/12;5,4995
15/02/12;5,4861
16/02/12;5,4458
17/02/12;5,5354
20/02/12;5,6787
21/02/12;6,0011
22/02/12;5,6787
23/02/12;5,4458
24/02/12;5,4951
27/02/12;5,5443
28/02/12;5,6205
29/02/12;5,6563
01/03/12;5,9832
02/03/12;5,9608
05/03/12;5,7772
06/03/12;5,4189
07/03/12;5,5488
08/03/12;5,7638
09/03/12;5,6026
12/03/12;5,5981
13/03/12;5,8489
14/03/12;5,7011
15/03/12;5,6115
16/03/12;5,5354
19/03/12;5,5309
20/03/12;5,4861
21/03/12;5,4369
22/03/12;5,204
23/03/12;5,2532
26/03/12;5,2801
27/03/12;5,1637
28/03/12;5,0875
29/03/12;4,7651
30/03/12;4,8412
02/04/12;4,7561
03/04/12;4,577
04/04/12;4,4552
05/04/12;4,3154
10/04/12;4,0664
11/04/12;4,2062
12/04/12;4,3369
13/04/12;4,0234
16/04/12;3,9482
17/04/12;4,3817
18/04/12;4,1596
19/04/12;4,0378
20/04/12;4,1256
23/04/12;3,9482
24/04/12;4,1435
25/04/12;4,2617
26/04/12;4,0826
27/04/12;4,199
30/04/12;4,1524
02/05/12;3,9267
03/05/12;3,744
04/05/12;3,7422
07/05/12;3,9303
08/05/12;3,821
09/05/12;3,667
10/05/12;3,778
11/05/12;3,7135
14/05/12;3,6061
15/05/12;3,289
16/05/12;3,3696
17/05/12;3,2621
18/05/12;3,2657
21/05/12;3,3305
22/05/12;3,4795
23/05/12;3,2342
24/05/12;3,2597
25/05/12;3,3251
28/05/12;3,167
29/05/12;3,0652
30/05/12;2,9544
31/05/12;3,0525
01/06/12;3,0979
04/06/12;3,2251
05/06/12;3,1216
06/06/12;3,425
07/06/12;3,4977
08/06/12;3,4159
11/06/12;3,2578
12/06/12;3,147
13/06/12;3,2051
14/06/12;3,3196
15/06/12;3,4904
18/06/12;3,3251
19/06/12;3,4341
20/06/12;3,6521
21/06/12;3,6667
22/06/12;3,6594
25/06/12;3,4831
26/06/12;3,3287
27/06/12;3,5013
28/06/12;3,494
29/06/12;3,8593
02/07/12;3,7975
03/07/12;3,8138
04/07/12;3,7175
05/07/12;3,594
06/07/12;3,4722
09/07/12;3,5449
10/07/12;3,4904
11/07/12;3,4977
12/07/12;3,3396
13/07/12;3,3887
16/07/12;3,2924
17/07/12;3,2306
18/07/12;3,1888
19/07/12;3,207
20/07/12;2,8654
23/07/12;2,8163
24/07/12;2,6183
25/07/12;2,7037
26/07/12;2,9344
27/07/12;3,1179
30/07/12;3,216
31/07/12;3,2197
01/08/12;3,2433
02/08/12;2,9253
03/08/12;3,3178
06/08/12;3,336
07/08/12;3,5086
08/08/12;3,5013
09/08/12;3,5631
10/08/12;3,4632
13/08/12;3,4704
14/08/12;3,5158
16/08/12;3,6776
17/08/12;3,8429
20/08/12;3,7157
21/08/12;3,961
22/08/12;3,9065
23/08/12;3,8011
24/08/12;3,7521
27/08/12;3,8375
28/08/12;3,9265
29/08/12;3,8247
30/08/12;3,7412
31/08/12;3,941
03/09/12;4,0046
04/09/12;4,0228
05/09/12;4,1227
06/09/12;4,5334
07/09/12;4,5697
10/09/12;4,5334
11/09/12;4,6833
12/09/12;4,6969
13/09/12;4,5561
14/09/12;4,7241
17/09/12;4,606
18/09/12;4,4516
19/09/12;4,4243
20/09/12;4,2027
21/09/12;4,2408
24/09/12;4,179
25/09/12;4,2317
26/09/12;4,0064
27/09/12;3,9973
28/09/12;3,8102
01/10/12;3,9229
02/10/12;3,941
03/10/12;3,961
04/10/12;4,0301
05/10/12;4,1863
08/10/12;4,0246
09/10/12;4,07
10/10/12;4,0519
11/10/12;4,1227
12/10/12;4,0991
15/10/12;4,1082
16/10/12;4,4298
17/10/12;4,4788
18/10/12;4,4534
19/10/12;4,3044
22/10/12;4,3844
23/10/12;4,3117
24/10/12;4,3807
25/10/12;4,3099
26/10/12;4,2753
29/10/12;4,1681
30/10/12;4,1972
31/10/12;4,1609
01/11/12;4,3844
02/11/12;4,3026
05/11/12;4,15
06/11/12;4,1936
07/11/12;3,9937
08/11/12;3,9428
09/11/12;3,8629
12/11/12;3,8084
13/11/12;3,9229
14/11/12;3,8011
15/11/12;3,7811
16/11/12;3,723
19/11/12;3,9319
20/11/12;3,8411
21/11/12;3,901
22/11/12;3,9447
23/11/12;3,9574
26/11/12;3,8938
27/11/12;3,8865
28/11/12;3,8683
29/11/12;4,2517
30/11/12;4,3226
03/12/12;4,3244
04/12/12;4,4189
05/12/12;4,3771
06/12/12;4,3153
07/12/12;4,2608
10/12/12;4,041
11/12/12;4,1318
12/12/12;4,2663
13/12/12;4,4607
14/12/12;4,4625
17/12/12;4,606
18/12/12;4,6923
19/12/12;4,7923
20/12/12;4,7786
21/12/12;4,6787
27/12/12;4,765
28/12/12;4,7514
02/01/13;5,0512
03/01/13;5,0376
04/01/13;5,0739
07/01/13;5,1829
08/01/13;5,2102
09/01/13;5,4782
10/01/13;5,46
11/01/13;5,4873
14/01/13;5,401
15/01/13;5,4373
16/01/13;5,3692
17/01/13;5,4827
18/01/13;5,46
21/01/13;5,4282
22/01/13;5,4736
23/01/13;5,4237
24/01/13;5,6417
25/01/13;5,6326
28/01/13;5,7507
29/01/13;5,837
30/01/13;5,6962
31/01/13;5,9052
01/02/13;5,8507
04/02/13;5,6145
05/02/13;5,5327
06/02/13;5,4373
07/02/13;5,3601
08/02/13;5,4691
11/02/13;5,6054
12/02/13;5,7189
13/02/13;5,6372
14/02/13;5,4782
15/02/13;5,3555
18/02/13;5,2601
19/02/13;5,4782
20/02/13;5,3873
21/02/13;5,1239
22/02/13;5,3147
25/02/13;5,3419
26/02/13;4,9058
27/02/13;5,0512
28/02/13;4,9967
01/03/13;5,0012
04/03/13;5,1375
05/03/13;5,133
06/03/13;5,083
07/03/13;5,0239
08/03/13;5,0875
11/03/13;4,865
12/03/13;4,8059
13/03/13;4,6151
14/03/13;4,9422
15/03/13;5,46
18/03/13;5,3056
19/03/13;5,0421
20/03/13;5,3374
21/03/13;5,4691
22/03/13;5,3101
25/03/13;5,2374
26/03/13;5,0376
27/03/13;4,8241
28/03/13;5,0058
02/04/13;5,0058
03/04/13;4,7332
04/04/13;4,7378
05/04/13;4,7877
08/04/13;4,7196
09/04/13;4,7696
10/04/13;5,0512
11/04/13;5,1239
12/04/13;5,0285
15/04/13;4,9649
16/04/13;5,033
17/04/13;4,9649
18/04/13;5,0603
19/04/13;5,2919
22/04/13;5,401
23/04/13;5,778
24/04/13;5,6372
25/04/13;5,7189
26/04/13;5,6917
29/04/13;5,8825
30/04/13;5,8416
02/05/13;5,9052
03/05/13;5,9052
06/05/13;5,8234
07/05/13;6,105
08/05/13;6,1232
09/05/13;5,8552
10/05/13;5,887
13/05/13;5,7689
14/05/13;5,8052
15/05/13;5,887
16/05/13;5,8007
17/05/13;5,8915
20/05/13;5,9688
21/05/13;5,9143
22/05/13;5,9869
23/05/13;5,7734
24/05/13;5,6962
27/05/13;5,7734
28/05/13;5,9779
29/05/13;5,9642
30/05/13;6,0324
31/05/13;5,9233
03/06/13;5,7644
04/06/13;5,8825
05/06/13;5,7008
06/06/13;5,4146
07/06/13;5,4782
10/06/13;5,2374
11/06/13;5,0966
12/06/13;4,9058
13/06/13;5,0239
14/06/13;4,9285
17/06/13;4,874
18/06/13;4,7923
19/06/13;4,6742
20/06/13;4,2971
21/06/13;4,448
24/06/13;4,5134
25/06/13;4,2172
26/06/13;4,2735
27/06/13;4,1354
28/06/13;4,0591
01/07/13;4,1572
02/07/13;4,0064
03/07/13;3,9119
04/07/13;4,2154
05/07/13;4,1082
08/07/13;4,2154
09/07/13;4,0827
10/07/13;4,0809
11/07/13;4,05
12/07/13;3,9283
15/07/13;3,8956
16/07/13;3,8992
17/07/13;4,0373
18/07/13;4,3389
19/07/13;4,3317
22/07/13;4,4062
23/07/13;4,4025
24/07/13;4,5561
25/07/13;4,5079
26/07/13;4,5116
29/07/13;4,2735
30/07/13;4,2862
31/07/13;4,0791
01/08/13;4,2971
02/08/13;4,2317
05/08/13;4,2826
06/08/13;4,3226
07/08/13;4,4934
08/08/13;4,6424
09/08/13;4,6469
12/08/13;4,7832
13/08/13;4,974
14/08/13;5,0603
16/08/13;5,1784
19/08/13;4,9285
20/08/13;4,8604
21/08/13;4,8422
22/08/13;5,0875
23/08/13;5,0603
26/08/13;4,8286
27/08/13;4,7151
28/08/13;4,9513
29/08/13;5,0557
30/08/13;4,8877
02/09/13;5,1193
03/09/13;5,1148
04/09/13;4,924
05/09/13;4,9649
06/09/13;5,0285
09/09/13;5,1239
10/09/13;5,0194
11/09/13;5,1784
12/09/13;5,1875
13/09/13;5,083
16/09/13;5,1193
17/09/13;5,142
18/09/13;5,1784
19/09/13;5,2329
20/09/13;5,1375
23/09/13;5,1466
24/09/13;5,2738
25/09/13;5,3056
26/09/13;5,133
27/09/13;4,9785
30/09/13;4,8195
01/10/13;5,0194
02/10/13;5,1193
03/10/13;5,1239
04/10/13;5,4964
07/10/13;5,6235
08/10/13;5,7598
09/10/13;5,837
10/10/13;5,8734
11/10/13;5,837
14/10/13;5,9506
15/10/13;6,1323
16/10/13;6,3412
17/10/13;6,3004
18/10/13;6,3912
21/10/13;6,5139
22/10/13;6,5956
23/10/13;6,2004
24/10/13;6,5457
25/10/13;6,3458
28/10/13;6,3049
29/10/13;6,4775
30/10/13;6,3821
31/10/13;6,4366
01/11/13;6,3594
04/11/13;6,3958
05/11/13;6,2958
06/11/13;6,373
07/11/13;6,2958
08/11/13;6,2277
11/11/13;6,2549
12/11/13;6,3503
13/11/13;6,2004
14/11/13;6,1868
15/11/13;6,1641
18/11/13;6,3776
19/11/13;6,2777
20/11/13;6,1913
21/11/13;6,2141
22/11/13;6,373
25/11/13;6,4003
26/11/13;6,3458
27/11/13;6,4503
28/11/13;6,532
29/11/13;6,3958
02/12/13;6,3004
03/12/13;6,1959
04/12/13;6,1959
05/12/13;5,9733
06/12/13;6,0414
09/12/13;6,1141
10/12/13;6,1823
11/12/13;6,0505
12/12/13;5,8416
13/12/13;5,8234
16/12/13;6,0233
17/12/13;5,9551
18/12/13;6,0823
19/12/13;6,1777
20/12/13;6,2231
23/12/13;6,1641
27/12/13;6,2413
30/12/13;6,3049
02/01/14;6,2277
03/01/14;6,3276
06/01/14;6,373
07/01/14;6,7183
08/01/14;6,85
09/01/14;7,009
10/01/14;7,0544
13/01/14;7,1725
14/01/14;7,2679
15/01/14;7,3815
16/01/14;7,1589
17/01/14;7,2134
20/01/14;7,0544
21/01/14;7,118
22/01/14;6,9318
23/01/14;6,8137
24/01/14;6,7909
27/01/14;6,2549
28/01/14;6,3594
29/01/14;6,423
30/01/14;6,3549
31/01/14;6,373
03/02/14;5,9324
04/02/14;5,9052
05/02/14;6,0596
06/02/14;6,3412
07/02/14;6,3821
10/02/14;6,314
11/02/14;6,7637
12/02/14;7,1044
13/02/14;7,2361
14/02/14;7,2724
17/02/14;7,2406
18/02/14;7,3042
19/02/14;7,336
20/02/14;7,3406
21/02/14;7,3769
24/02/14;7,3497
25/02/14;7,4133
26/02/14;7,4314
27/02/14;7,5223
28/02/14;7,6722
03/03/14;7,327
04/03/14;7,7721
05/03/14;7,9584
06/03/14;7,7948
07/03/14;7,3497
10/03/14;7,3133
11/03/14;7,2906
12/03/14;7,1952
13/03/14;7,5268
14/03/14;7,3678
17/03/14;7,6131
18/03/14;7,6676
19/03/14;7,6268
20/03/14;7,8085
21/03/14;7,6904
24/03/14;7,4814
25/03/14;7,3451
26/03/14;7,7176
27/03/14;7,6994
28/03/14;7,9992
31/03/14;8,3127
01/04/14;8,6079
02/04/14;8,5807
03/04/14;8,7624
04/04/14;8,7033
07/04/14;8,5125
08/04/14;8,1946
09/04/14;8,1491
10/04/14;7,9311
11/04/14;7,6949
14/04/14;7,4314
15/04/14;7,0817
16/04/14;7,6904
17/04/14;7,5541
22/04/14;7,6722
23/04/14;7,5632
24/04/14;7,7221
25/04/14;7,4996
28/04/14;7,5132
29/04/14;7,7494
30/04/14;7,5268
02/05/14;7,6222
05/05/14;7,4133
06/05/14;7,2997
07/05/14;7,009
08/05/14;7,4632
09/05/14;6,9408
12/05/14;6,9772
13/05/14;6,8
14/05/14;6,5638
15/05/14;6,2141
16/05/14;6,4321
19/05/14;6,4094
20/05/14;6,6002
21/05/14;6,5593
22/05/14;6,3503
23/05/14;6,6501
26/05/14;7,2634
27/05/14;7,3315
28/05/14;7,4541
29/05/14;7,3815
30/05/14;7,4496
02/06/14;7,4996
03/06/14;7,4632
04/06/14;7,4723
05/06/14;7,6177
06/06/14;8,0129
09/06/14;7,9674
10/06/14;7,9084
11/06/14;7,763
12/06/14;7,7494
13/06/14;7,6268
16/06/14;7,3588
17/06/14;7,2134
18/06/14;7,2906
19/06/14;6,9863
20/06/14;6,6774
23/06/14;6,505
24/06/14;6,55
25/06/14;6,5
26/06/14;6,45
27/06/14;6,6
30/06/14;6,6
01/07/14;6,855
02/07/14;6,95
03/07/14;6,925
04/07/14;6,72
07/07/14;6,51
08/07/14;6,24
09/07/14;6,335
10/07/14;6,185
11/07/14;6,31
14/07/14;6,515
15/07/14;6,535
16/07/14;6,74
17/07/14;6,515
18/07/14;6,58
21/07/14;6,39
22/07/14;6,46
23/07/14;6,365
24/07/14;6,76
25/07/14;6,555
28/07/14;6,45
29/07/14;6,535
30/07/14;6,57
31/07/14;6,35
01/08/14;6,255
04/08/14;6,32
05/08/14;6,285
06/08/14;5,87
07/08/14;5,065
08/08/14;5,625
11/08/14;5,8
12/08/14;5,855
13/08/14;5,92
14/08/14;5,83
18/08/14;6,02
19/08/14;5,95
20/08/14;5,75
21/08/14;5,91
22/08/14;5,945
25/08/14;6,21
26/08/14;6,4
27/08/14;6,635
28/08/14;6,42
29/08/14;6,385
01/09/14;6,28
02/09/14;6,305
03/09/14;6,51
04/09/14;6,835
05/09/14;6,845
08/09/14;6,84
09/09/14;6,595
10/09/14;6,575
11/09/14;6,535
12/09/14;6,525
15/09/14;6,53
16/09/14;6,4
17/09/14;6,515
18/09/14;6,285
19/09/14;6,265
22/09/14;6,09
23/09/14;6,105
24/09/14;6,15
25/09/14;5,98
26/09/14;6,17
29/09/14;6,025
30/09/14;6,3
01/10/14;6,305
02/10/14;5,935
03/10/14;6,14
06/10/14;6,18
07/10/14;6,19
08/10/14;6,165
09/10/14;6,09
10/10/14;6,13
13/10/14;6,095
14/10/14;6,08
15/10/14;5,61
16/10/14;5,495
17/10/14;5,895
20/10/14;5,98
21/10/14;6,29
22/10/14;6,31
23/10/14;6,285
24/10/14;6,385
27/10/14;6,115
28/10/14;6,365
29/10/14;5,995
30/10/14;5,9
31/10/14;6,07
03/11/14;5,97
04/11/14;5,725
05/11/14;5,89
06/11/14;5,735
07/11/14;5,55
10/11/14;5,46
11/11/14;5,395
12/11/14;5,07
13/11/14;5,07
14/11/14;5,025
17/11/14;5,195
18/11/14;5,29
19/11/14;5,265
20/11/14;5,09
21/11/14;5,365
24/11/14;5,49
25/11/14;5,615
26/11/14;5,58
27/11/14;5,72
28/11/14;5,7
01/12/14;5,45
02/12/14;5,605
03/12/14;5,75
04/12/14;5,535
05/12/14;5,87
08/12/14;5,805
09/12/14;5,585
10/12/14;5,465
11/12/14;5,375
12/12/14;5,1
15/12/14;4,97
16/12/14;5,3
17/12/14;5,225
18/12/14;5,325
19/12/14;5,17
22/12/14;5,36
23/12/14;5,51
29/12/14;5,455
30/12/14;5,465
02/01/15;5,58
05/01/15;5,305
06/01/15;5,105
07/01/15;4,99
08/01/15;5,24
09/01/15;4,89
12/01/15;4,804
13/01/15;4,916
14/01/15;4,87
15/01/15;4,98
16/01/15;5,11
19/01/15;5,545
20/01/15;5,94
21/01/15;6,135
22/01/15;6,425
23/01/15;6,25
26/01/15;6,19
27/01/15;6,19
28/01/15;6,04
29/01/15;6,095
30/01/15;5,995
02/02/15;6,055
03/02/15;6,21
04/02/15;6,46
05/02/15;6,45
06/02/15;6,635
09/02/15;6,58
10/02/15;6,55
11/02/15;6,615
12/02/15;6,82
13/02/15;6,76
16/02/15;6,675
17/02/15;6,79
18/02/15;7,025
19/02/15;7,315
20/02/15;7,495
23/02/15;7,31
24/02/15;7,285
25/02/15;7,13
26/02/15;7,3
27/02/15;7,37
02/03/15;7,17
03/03/15;6,94
04/03/15;7,15
05/03/15;7,265
06/03/15;7,4
09/03/15;7,67
10/03/15;7,755
11/03/15;7,835
12/03/15;7,945
13/03/15;7,96
16/03/15;7,945
17/03/15;7,65
18/03/15;7,63
19/03/15;7,75
20/03/15;7,81
23/03/15;7,98
24/03/15;8,04
25/03/15;8,06
26/03/15;7,88
27/03/15;8,015
30/03/15;8,12
31/03/15;8,135
01/04/15;8,02
02/04/15;8,05
07/04/15;8,01
08/04/15;7,92
09/04/15;8,02
10/04/15;8
13/04/15;8,01
14/04/15;7,84
15/04/15;7,89
16/04/15;7,76
17/04/15;7,435
20/04/15;7,425
21/04/15;7,17
22/04/15;7,225
23/04/15;7,2
24/04/15;7,25
27/04/15;7,505
28/04/15;7,31
29/04/15;7,035
30/04/15;7,395
04/05/15;7,375
05/05/15;7,35
06/05/15;7,495
07/05/15;7,89
08/05/15;7,885
11/05/15;7,72
12/05/15;7,565
13/05/15;7,675
14/05/15;7,755
15/05/15;7,79
18/05/15;7,88
19/05/15;7,94
20/05/15;7,995
21/05/15;7,85
22/05/15;7,94
25/05/15;7,71
26/05/15;7,7
27/05/15;7,92
28/05/15;7,76
29/05/15;7,88
01/06/15;7,74
02/06/15;7,92
03/06/15;7,985
04/06/15;7,895
05/06/15;7,72
08/06/15;7,55
09/06/15;7,57
10/06/15;7,835
11/06/15;7,83
12/06/15;7,715
15/06/15;7,5
16/06/15;7,51
17/06/15;7,405
18/06/15;7,41
19/06/15;7,485
22/06/15;8,03
23/06/15;8,17
24/06/15;8,155
25/06/15;8,385
26/06/15;8,46
29/06/15;7,91
30/06/15;8
01/07/15;8,24
02/07/15;8,11
03/07/15;8,01
06/07/15;7,535
07/07/15;7,05
08/07/15;7,45
09/07/15;7,77
10/07/15;7,975
13/07/15;8,085
14/07/15;7,985
15/07/15;8,22
16/07/15;8,33
17/07/15;8,4
20/07/15;8,585
21/07/15;8,325
22/07/15;8,45
23/07/15;8,455
24/07/15;8,35
27/07/15;8,01
28/07/15;8,145
29/07/15;8,165
30/07/15;8,15
31/07/15;8,025
03/08/15;8,1
04/08/15;7,875
05/08/15;8,095
06/08/15;8,14
07/08/15;8,02
10/08/15;8,075
11/08/15;8,045
12/08/15;7,77
13/08/15;8,025
14/08/15;8,025
17/08/15;8,13
18/08/15;8,115
19/08/15;8,15
20/08/15;8,02
21/08/15;7,65
24/08/15;7,185
25/08/15;7,865
26/08/15;7,81
27/08/15;8,015
28/08/15;7,765
31/08/15;7,64
01/09/15;7,65
02/09/15;7,725
03/09/15;7,93
04/09/15;7,58
07/09/15;7,77
08/09/15;7,935
09/09/15;7,95
10/09/15;7,875
11/09/15;7,86
14/09/15;7,755
15/09/15;7,95
16/09/15;7,885
17/09/15;7,73
18/09/15;7,615
21/09/15;7,67
22/09/15;7,39
23/09/15;7,39
24/09/15;7,215
25/09/15;7,46
28/09/15;7,27
29/09/15;7,27
30/09/15;7,37
01/10/15;7,38
02/10/15;7,52
05/10/15;7,67
06/10/15;7,59
07/10/15;7,6
08/10/15;7,755
09/10/15;7,74
12/10/15;7,645
13/10/15;7,685
14/10/15;7,685
15/10/15;7,885
16/10/15;7,895
19/10/15;7,99
20/10/15;7,815
21/10/15;7,755
22/10/15;7,705
23/10/15;7,65
26/10/15;7,575
27/10/15;7,56
28/10/15;7,64
29/10/15;7,41
30/10/15;7,345
02/11/15;7,24
03/11/15;7,075
04/11/15;7,025
05/11/15;6,975
06/11/15;7,125
09/11/15;7
10/11/15;7,085
11/11/15;7,24
12/11/15;7,225
13/11/15;7,345
16/11/15;7,27
17/11/15;7,345
18/11/15;7,2
19/11/15;7,22
20/11/15;7,095
23/11/15;7,265
24/11/15;7,14
25/11/15;7,26
26/11/15;7,335
27/11/15;7,255
30/11/15;7,275
01/12/15;7,46
02/12/15;7,465
03/12/15;7,19
04/12/15;7,21
07/12/15;7,155
08/12/15;6,93
09/12/15;6,87
10/12/15;6,88
11/12/15;6,62
14/12/15;6,48
15/12/15;6,92
16/12/15;6,935
17/12/15;7,09
18/12/15;7,065
21/12/15;6,975
22/12/15;6,95
23/12/15;7,13
28/12/15;7,12
29/12/15;7,14
30/12/15;7,04
04/01/16;6,78
05/01/16;6,865
06/01/16;6,56
07/01/16;6,41
08/01/16;6,265
11/01/16;6,27
12/01/16;6,22
13/01/16;6,41
14/01/16;6,52
15/01/16;6,185
18/01/16;5,645
19/01/16;5,62
20/01/16;5,21
21/01/16;5,785
22/01/16;5,72
25/01/16;5,57
26/01/16;5,895
27/01/16;5,655
28/01/16;5,23
29/01/16;5,5
01/02/16;5,365
02/02/16;5
03/02/16;4,586
04/02/16;4,604
05/02/16;4,508
08/02/16;3,97
09/02/16;3,884
10/02/16;4,152
11/02/16;3,754
12/02/16;4,186
15/02/16;4,61
16/02/16;4,834
17/02/16;4,95
18/02/16;4,92
19/02/16;4,626
22/02/16;5,095
23/02/16;4,902
24/02/16;4,59
25/02/16;4,704
26/02/16;4,792
29/02/16;4,71
01/03/16;4,78
02/03/16;5,015
03/03/16;4,928
04/03/16;4,948
07/03/16;4,692
08/03/16;4,624
09/03/16;4,676
10/03/16;4,718
11/03/16;5,11
14/03/16;5,18
15/03/16;5,01
16/03/16;5
17/03/16;4,67
18/03/16;4,722
21/03/16;4,764
22/03/16;4,752
23/03/16;4,682
24/03/16;4,554
29/03/16;4,366
30/03/16;4,322
31/03/16;4,184
01/04/16;4,186
04/04/16;4,26
05/04/16;4,018
06/04/16;3,996
07/04/16;3,76
08/04/16;4,298
11/04/16;4,506
12/04/16;4,326
13/04/16;4,822
14/04/16;5,04
15/04/16;4,928
18/04/16;5,055
19/04/16;4,886
20/04/16;5,03
21/04/16;5,19
22/04/16;5,215
25/04/16;5,035
26/04/16;5,2
27/04/16;5,12
28/04/16;5,32
29/04/16;5,105
02/05/16;4,918
03/05/16;4,702
04/05/16;4,65
05/05/16;4,52
06/05/16;4,61
09/05/16;4,402
10/05/16;4,39
11/05/16;4,378
12/05/16;4,31
13/05/16;4,304
16/05/16;4,37
17/05/16;4,31
18/05/16;4,612
19/05/16;4,396
20/05/16;4,452
23/05/16;4,266
24/05/16;4,602
25/05/16;4,832
26/05/16;4,738
27/05/16;4,75
30/05/16;4,796
31/05/16;4,548
01/06/16;4,352
02/06/16;4,49
03/06/16;4,31
06/06/16;4,29
07/06/16;4,49
08/06/16;4,346
09/06/16;4,428
10/06/16;4,138
13/06/16;3,886
14/06/16;3,776
15/06/16;3,764
16/06/16;3,666
17/06/16;4,03
20/06/16;4,212
21/06/16;4,32
22/06/16;4,302
23/06/16;4,632
24/06/16;3,492
27/06/16;3,456
28/06/16;3,374
29/06/16;3,19
30/06/16;3,278
01/07/16;3,12
04/07/16;2,91
05/07/16;2,912
06/07/16;2,704
07/07/16;2,582
08/07/16;3
11/07/16;3,14
12/07/16;3,396
13/07/16;3,226
14/07/16;3,364
15/07/16;3,404
18/07/16;3,424
19/07/16;3,392
20/07/16;3,428
21/07/16;3,538
22/07/16;3,512
25/07/16;3,418
26/07/16;3,434
27/07/16;3,592
28/07/16;3,48
29/07/16;3,67
01/08/16;3,462
02/08/16;3,034
03/08/16;3,156
04/08/16;3,172
05/08/16;3,586
08/08/16;3,52
09/08/16;3,59
10/08/16;3,568
11/08/16;3,566
12/08/16;3,516
16/08/16;3,49
17/08/16;3,36
18/08/16;3,42
19/08/16;3,222
22/08/16;3,244
23/08/16;3,43
24/08/16;3,504
25/08/16;3,402
26/08/16;3,434
29/08/16;3,332
30/08/16;3,426
31/08/16;3,45
01/09/16;3,514
02/09/16;3,562
05/09/16;3,562
06/09/16;3,498
07/09/16;3,616
08/09/16;3,622
09/09/16;3,55
12/09/16;3,482
13/09/16;3,39
14/09/16;3,404
15/09/16;3,392
16/09/16;3,276
19/09/16;3,326
20/09/16;3,184
21/09/16;3,334
22/09/16;3,342
23/09/16;3,244
26/09/16;3,192
27/09/16;3,142
28/09/16;3,212
29/09/16;3,218
30/09/16;3,312
03/10/16;3,236
04/10/16;3,226
05/10/16;3,388
06/10/16;3,398
07/10/16;3,35
10/10/16;3,47
11/10/16;3,68
12/10/16;3,762
13/10/16;3,598
14/10/16;3,786
17/10/16;3,866
18/10/16;4,064
19/10/16;4,258
20/10/16;4,248
21/10/16;4,212
24/10/16;4,356
25/10/16;4,174
26/10/16;4,242
27/10/16;4,342
28/10/16;4,33
31/10/16;4,274
01/11/16;4,238
02/11/16;4
03/11/16;3,95
04/11/16;3,906
07/11/16;4,042
08/11/16;4,118
09/11/16;4,178
10/11/16;4,178
11/11/16;4,18
14/11/16;4,136
15/11/16;4,116
16/11/16;3,996
17/11/16;3,826
18/11/16;3,748
21/11/16;3,732
22/11/16;3,808
23/11/16;3,788
24/11/16;3,786
25/11/16;3,8
28/11/16;3,55
29/11/16;3,742
30/11/16;3,79
01/12/16;4,094
02/12/16;4,012
05/12/16;4
06/12/16;4,284
07/12/16;4,73
08/12/16;4,798
09/12/16;4,724
12/12/16;4,812
13/12/16;4,914
14/12/16;4,834
15/12/16;4,964
16/12/16;5,005
19/12/16;4,812
20/12/16;4,97
21/12/16;5
22/12/16;5,11
23/12/16;5,16
27/12/16;5,175
28/12/16;5,11
29/12/16;5,06
30/12/16;5,06
02/01/17;5,27
03/01/17;5,47
04/01/17;5,38
05/01/17;5,38
06/01/17;5,3
09/01/17;5,16
10/01/17;5,16
11/01/17;5,035
12/01/17;5,01
13/01/17;5,225