Date,Yeald
1995-01-10,0.0
1995-01-12,0.0666683115794
1995-01-16,0.0
1995-01-18,-0.0312507228609
1995-01-25,0.0
1995-01-26,0.0
1995-01-27,0.0
1995-01-30,0.0215019102197
1995-01-31,0.0105304987085
1995-02-01,0.0
1995-02-02,0.0
1995-02-03,0.0
1995-02-06,0.0104091971039
1995-02-07,-0.0103019619514
1995-02-08,0.0
1995-02-09,0.0416599199648
1995-02-10,0.0
1995-02-13,0.0
1995-02-14,0.0
1995-02-15,0.0200079943152
1995-02-16,0.00979687806152
1995-02-17,0.116508203437
1995-02-20,0.0782628845077
1995-02-21,0.0
1995-02-22,0.0
1995-02-23,0.0
1995-02-27,-0.0161264326648
1995-03-01,0.00819082809272
1995-03-02,-0.0162575939483
1995-03-06,-0.0247939951183
1995-03-07,-0.033902292145
1995-03-08,0.0175508653687
1995-03-09,0.0
1995-03-10,-0.0172481454894
1995-03-13,0.0614085494726
1995-03-14,-0.0247939951183
1995-03-15,0.0169464413414
1995-03-16,-0.0250006939497
1995-03-20,-0.0778647686833
1995-03-22,0.0
1995-03-23,0.0133374498302
1995-03-24,-0.0131619036012
1995-03-28,0.0
1995-03-29,-0.0266646084182
1995-03-30,-0.00137451231246
1995-03-31,0.00137640419697
1995-04-03,0.0
1995-04-04,0.0
1995-04-06,0.0
1995-04-07,0.0
1995-04-10,0.0
1995-04-11,-0.00137451231246
1995-04-12,-0.00548444133871
1995-04-19,-0.0344827586207
1995-04-24,0.0
1995-04-25,0.0500044105324
1995-04-26,-0.00680479275836
1995-04-27,0.00685141521902
1995-04-28,-0.0476230480851
1995-05-02,0.0
1995-05-03,0.0
1995-05-04,0.0
1995-05-05,0.0
1995-05-08,0.0
1995-05-09,0.00714506240903
1995-05-10,-0.00709437267353
1995-05-16,0.0428593481233
1995-05-17,0.00685141521902
1995-05-18,0.0135990842933
1995-05-22,-0.0134166304055
1995-05-23,0.00679429153496
1995-05-24,0.0
1995-05-26,-0.0108058493439
1995-05-29,-0.0027309728168
1995-05-30,-0.013702830438
1995-05-31,0.0138932066936
1995-06-05,-0.013702830438
1995-06-07,0.0
1995-06-08,0.0138932066936
1995-06-09,-0.0205542456571
1995-06-13,0.041960382145
1995-06-15,-0.0335571165123
1995-06-19,0.0
1995-06-20,-0.0277756933203
1995-06-21,0.0285692233053
1995-06-22,0.0
1995-06-26,0.0
1995-06-27,0.0
1995-06-28,0.0
1995-06-29,0.0
1995-06-30,0.0277756933203
1995-07-03,-0.0270250537163
1995-07-04,0.0
1995-07-10,0.0069466033468
1995-07-11,0.00689868094665
1995-07-12,0.0
1995-07-14,0.0
1995-07-17,-0.0054874760782
1995-07-18,-0.00687858813523
1995-07-19,0.0263453694882
1995-07-24,-0.0202661826981
1995-07-25,0.0
1995-08-02,0.0
1995-08-03,0.0206853967274
1995-08-04,-0.0135073116799
1995-08-14,0.0
1995-08-17,-0.013702830438
1995-08-21,0.0347222966671
1995-08-22,0.0335571165123
1995-08-24,0.0129910486062
1995-08-28,-0.0128244456099
1995-08-30,0.0129910486062
1995-08-31,0.0128145502043
1995-09-01,0.0126621853994
1995-09-05,0.0
1995-09-06,0.0
1995-09-07,0.0
1995-09-08,0.0
1995-09-14,-0.0249980703921
1995-09-15,0.0256389958142
1995-09-18,-0.0125038592158
1995-09-19,0.0126621853994
1995-09-21,0.0125038592158
1995-09-26,0.0
1995-09-27,0.00616519286477
1995-09-28,-0.00612741616236
1995-09-29,0.0
1995-10-02,0.0123399146211
1995-10-03,-0.0121894972656
1995-10-04,0.0123399146211
1995-10-05,0.0
1995-10-09,-0.0121894972656
1995-10-10,-0.0370388016466
1995-10-12,0.0384634414241
1995-10-16,0.0
1995-10-17,0.0
1995-10-19,0.0
1995-10-20,0.0
1995-10-23,-0.0370388016466
1995-10-24,0.0153774602452
1995-10-25,0.0227363538022
1995-10-27,0.0123399146211
1995-10-30,-0.0121894972656
1995-10-31,0.0
1995-11-02,0.0123399146211
1995-11-03,-0.0231741639134
1995-11-06,0.0112452662921
1995-11-08,-0.0111202164964
1995-11-09,0.0112452662921
1995-11-10,0.0
1995-11-13,-0.0123494435127
1995-11-14,0.0
1995-11-15,0.0
1995-11-20,0.0249980703921
1995-11-21,0.0
1995-11-28,0.0
1995-11-29,0.0
1995-11-30,0.0365873172752
1995-12-01,0.0470551913263
1995-12-04,0.0112394630034
1995-12-05,0.0
1995-12-07,-0.00555727076258
1995-12-08,-0.0223446824658
1995-12-11,0.017139328717
1995-12-12,0.0112394630034
1995-12-13,0.0
1995-12-14,0.0
1995-12-18,0.0
1995-12-20,-0.0111145415252
1995-12-22,0.0674194331703
1995-12-27,0.0
1995-12-28,-0.0200029248793
1996-01-02,0.0204112087548
1996-01-04,0.0
1996-01-08,0.0315805723014
1996-01-11,0.0
1996-01-12,0.020406555931
1996-01-15,0.0
1996-01-16,0.0
1996-01-17,0.0
1996-01-18,0.0
1996-01-19,-0.0100030873726
1996-01-22,0.0
1996-01-23,-0.00909062558473
1996-01-26,-0.0112118207997
1996-01-29,0.0
1996-01-30,0.0103124776205
1996-01-31,0.0101993399964
1996-02-01,0.0
1996-02-02,-0.00505208008483
1996-02-05,0.0152331995988
1996-02-06,-0.0100030873726
1996-02-07,0.00505208008483
1996-02-08,0.0
1996-02-09,-0.0050266848703
1996-02-12,0.0101041601697
1996-02-13,0.0
1996-02-14,0.0
1996-02-15,0.0
1996-02-16,0.05
1996-02-19,0.0285728987489
1996-02-20,0.0
1996-02-21,-0.0277791674111
1996-02-22,0.00951939899146
1996-02-23,-0.00942963453795
1996-02-26,0.0
1996-02-27,0.0
1996-02-29,0.0
1996-03-01,-0.0380996486276
1996-03-04,0.0445607733751
1996-03-05,0.00473347672768
1996-03-06,-0.00942963453795
1996-03-08,-0.0380996486276
1996-03-11,0.0198081846318
1996-03-12,-0.0194234415161
1996-03-13,0.00990409231592
1996-03-14,-0.00882324008142
1996-03-15,-0.0427835248311
1996-03-18,0.0
1996-03-19,-0.0111181119946
1996-03-20,0.0112431141975
1996-03-26,-0.0111181119946
1996-03-29,-0.0224700976715
1996-04-02,0.0
1996-04-03,-0.0229866090214
1996-04-09,-0.0176497909893
1996-04-10,0.00599183322588
1996-04-12,-0.00238416707969
1996-04-15,-0.00716102892679
1996-04-16,0.00360633956534
1996-04-17,0.00599183322588
1996-04-19,0.0
1996-04-22,0.0
1996-04-24,0.0
1996-04-25,-0.011903744595
1996-04-26,0.0120471508013
1996-04-29,-0.00595614499838
1996-04-30,-0.00598323662153
1996-05-02,0.0
1996-05-03,-0.0120471508013
1996-05-06,0.0121940544137
1996-05-07,-0.0120471508013
1996-05-08,0.0243881088273
1996-05-09,-0.0238074891901
1996-05-10,0.0
1996-05-14,0.0
1996-05-15,-0.0243968626352
1996-05-17,0.0
1996-05-20,0.0
1996-05-21,0.037505944423
1996-05-22,-0.0120471508013
1996-05-27,-0.0243968626352
1996-05-28,0.0250069538533
1996-05-29,0.0243881088273
1996-05-31,0.0
1996-06-03,-0.0178598895934
1996-06-04,0.0
1996-06-11,-0.00605575470713
1996-06-12,0.0
1996-06-17,-0.00610140411079
1996-06-24,0.0
1996-06-25,0.00613885977506
1996-06-27,0.0
1996-06-28,0.0
1996-07-01,0.0
1996-07-02,0.0243881088273
1996-07-03,0.0
1996-07-05,0.011903744595
1996-07-08,-0.0117637123675
1996-07-10,0.011903744595
1996-07-11,0.0117637123675
1996-07-12,0.0
1996-07-17,0.00581764155983
1996-07-18,-0.00578399236546
1996-07-19,0.0
1996-07-24,-0.0232538728632
1996-07-29,-0.011903744595
1996-07-30,0.0120471508013
1996-08-01,-0.011903744595
1996-08-02,0.0120471508013
1996-08-05,0.0154757225137
1996-08-06,-0.00351754142368
1996-08-07,0.0117637123675
1996-08-14,0.0232538728632
1996-08-16,0.0
1996-08-19,0.0
1996-08-20,0.0113627094311
1996-08-22,0.0
1996-08-23,-0.0337051465073
1996-08-28,-0.0116269364316
1996-08-29,0.0
1996-08-30,0.0294135033568
1996-09-02,-0.0400006562864
1996-09-03,0.0357112337851
1996-09-04,0.0
1996-09-11,0.0
1996-09-17,0.0
1996-09-18,-0.0229866090214
1996-09-19,-0.0176497909893
1996-09-23,-0.0119750698474
1996-10-02,0.0303048759266
1996-10-07,0.0117637123675
1996-10-08,0.0348808092949
1996-10-10,0.0
1996-10-11,-0.0112350488358
1996-10-16,-0.0227254188623
1996-10-17,0.0232538728632
1996-10-18,0.0
1996-10-21,0.0
1996-10-22,-0.0170399856437
1996-10-23,0.0173353802747
1996-10-24,-0.0113627094311
1996-10-28,0.0114933045107
1996-10-29,0.0
1996-10-30,0.0
1996-10-31,0.0
1996-11-01,-0.0113627094311
1996-11-05,0.0229866090214
1996-11-06,0.0112431141975
1996-11-08,0.0
1996-11-11,-0.00555905599732
1996-11-12,0.0279346187161
1996-11-18,0.0
1996-11-20,0.0
1996-11-21,0.0108686323313
1996-11-26,0.0107517752393
1996-11-28,-0.0106374042595
1996-11-29,0.0
1996-12-03,0.0
1996-12-09,0.0
1996-12-10,0.0
1996-12-12,0.0107517752393
1996-12-13,0.0
1996-12-16,0.0106374042595
1996-12-17,0.0
1996-12-18,0.0105254408898
1996-12-20,0.0
1996-12-27,0.0312549069456
1997-01-02,0.0202002624729
1997-01-03,0.0198002913898
1997-01-08,-0.0291237777979
1997-01-09,0.0
1997-01-10,0.0
1997-01-13,-0.0099991386241
1997-01-15,0.0303003937094
1997-01-16,0.0294092809188
1997-01-17,0.0
1997-01-21,-0.0190460564545
1997-01-22,-0.00970792593264
1997-01-30,0.0098030936396
1997-01-31,-0.0194158518653
1997-02-04,-0.0198002913898
1997-02-05,0.0101001312365
1997-02-07,0.0
1997-02-10,0.0099991386241
1997-02-11,0.0
1997-02-12,0.0198002913898
1997-02-14,0.0
1997-02-17,0.0
1997-02-18,0.0
1997-02-19,0.0
1997-02-21,-0.0291237777979
1997-02-24,0.0
1997-02-25,-0.0099991386241
1997-02-26,-0.0101073818691
1997-02-28,0.0102105841421
1997-03-03,0.0
1997-03-04,0.0
1997-03-05,-0.0101073818691
1997-03-06,0.00510529207105
1997-03-07,0.015230793896
1997-03-10,-0.0099991386241
1997-03-11,0.00504644030192
1997-03-12,0.00502831583883
1997-03-14,-0.00500315837832
1997-03-17,0.0251271507413
1997-03-18,-0.0392194119551
1997-03-19,0.0
1997-03-21,-0.0816260758103
1997-03-26,0.0333304089136
1997-04-01,0.0
1997-04-02,-0.0107517752393
1997-04-03,-0.0217372646625
1997-04-04,-0.0111181119946
1997-04-08,0.0224781630332
1997-04-10,0.0
1997-04-11,0.0109880574881
1997-04-14,-0.00869958725725
1997-04-15,-0.00109404023549
1997-04-17,-0.00109523847045
1997-04-21,-0.00989161815514
1997-04-22,0.0
1997-04-23,0.00999043977055
1997-04-24,0.0109880574881
1997-04-25,0.0108686323313
1997-05-05,0.0
1997-05-06,0.0
1997-05-14,0.0
1997-05-15,0.0
1997-05-20,-0.0107517752393
1997-05-21,0.0
1997-05-23,0.0108686323313
1997-05-26,-0.0107517752393
1997-05-27,0.0
1997-05-28,0.0
1997-05-30,-0.0326136993142
1997-06-02,0.0224781630332
1997-06-04,-0.0109880574881
1997-06-06,0.0211036759956
1997-06-09,-0.020667515446
1997-06-10,0.0222202726091
1997-06-13,0.0108686323313
1997-06-16,0.0
1997-06-17,-0.0215035504785
1997-06-18,-0.0109880574881
1997-06-19,0.0
1997-06-24,0.0111101363045
1997-06-26,0.0087872907694
1997-06-30,0.0130739396972
1997-07-02,0.0215035504785
1997-07-07,0.0210508817796
1997-07-08,-0.0206168783116
1997-07-09,0.0105254408898
1997-07-10,0.0
1997-07-11,-0.0312474296952
1997-07-15,0.0430071009571
1997-07-16,0.0
1997-07-17,-0.0206168783116
1997-07-21,0.0105254408898
1997-07-22,0.0
1997-07-23,0.0104158098984
1997-07-24,0.0103084391558
1997-07-25,-0.0102032594763
1997-07-28,0.0103084391558
1997-07-29,-0.0102032594763
1997-07-30,-0.0103084391558
1997-07-31,0.0
1997-08-04,0.0729181465392
1997-08-06,-0.0291237777979
1997-08-07,0.0099991386241
1997-08-08,-0.00990014569489
1997-08-11,0.0
1997-08-13,0.0
1997-08-14,0.0099991386241
1997-08-18,-0.00990014569489
1997-08-19,0.0
1997-08-20,0.0099991386241
1997-08-21,0.0198002913898
1997-08-22,-0.00970792593264
1997-08-25,-0.0196061872792
1997-08-27,0.0099991386241
1997-08-29,-0.00990014569489
1997-09-01,0.0199982772482
1997-09-02,-0.0176497909893
1997-09-03,0.0179669030733
1997-09-04,-0.0196061872792
1997-09-05,0.0
1997-09-08,0.0
1997-09-09,0.0
1997-09-10,0.0299974158723
1997-09-12,0.0
1997-09-16,-0.00970792593264
1997-09-22,0.0196061872792
1997-09-23,-0.0192291764446
1997-09-24,-0.0196061872792
1997-09-26,0.0399965544964
1997-09-29,0.0096145882223
1997-09-30,0.0
1997-10-01,-0.00952302822727
1997-10-03,0.0096145882223
1997-10-06,-0.00952302822727
1997-10-07,0.0576944314072
1997-10-08,0.00909013788558
1997-10-09,-0.0720724798883
1997-10-10,0.0
1997-10-13,0.0970862284046
1997-10-20,-0.0884946195576
1997-10-23,0.0485465987414
1997-10-27,-0.0277820240999
1997-10-28,-0.0380921129091
1997-10-30,0.0198002913898
1997-10-31,0.0
1997-11-03,0.0679624506067
1997-11-07,-0.0636374907826
1997-11-12,0.00970792593264
1997-11-20,0.0105808784959
1997-11-26,-0.000956173121973
1997-11-27,0.00952302822727
1997-12-01,-0.0188663912778
1997-12-02,0.0480798431849
1997-12-03,0.0
1997-12-08,-0.0275271649654
1997-12-09,-0.00943319563892
1997-12-11,0.0285759210265
1997-12-12,0.0
1997-12-15,-0.00925845922755
1997-12-17,0.0
1997-12-22,0.0
1997-12-23,0.0186899586755
1997-12-29,0.0366941060257
1998-01-02,0.0
1998-01-07,0.0265528325139
1998-01-08,0.03447977129
1998-01-09,0.0
1998-01-12,-0.0500017945374
1998-01-13,0.0263199319963
1998-01-14,0.0
1998-01-15,0.0
1998-01-19,0.0085462744256
1998-01-20,0.00423388568509
1998-01-22,-0.00421603547285
1998-01-23,0.033895418157
1998-01-27,-0.032784184514
1998-02-02,0.00847385453926
1998-02-03,0.00840265169109
1998-02-04,0.0
1998-02-05,0.0
1998-02-06,0.0
1998-02-09,0.0
1998-02-10,0.00833263545767
1998-02-12,-0.00826377642124
1998-02-13,0.024997906373
1998-02-16,0.0162646700087
1998-02-18,-0.0240036752039
1998-02-20,0.0081960461285
1998-02-23,-0.0406470852568
1998-03-03,0.0593230649439
1998-03-06,-0.0160043643046
1998-03-10,-0.0243882511541
1998-03-12,0.00833263545767
1998-03-16,0.0
1998-03-17,0.0
1998-03-18,0.0
1998-03-19,0.00826377642124
1998-03-23,-0.049176276771
1998-03-24,-0.00862613086472
1998-03-30,0.0
1998-04-01,0.0
1998-04-02,-0.00869494656946
1998-04-03,-0.0087712117873
1998-04-06,0.00884882672053
1998-04-07,0.0087712117873
1998-04-14,0.0
1998-04-15,0.0
1998-04-16,0.0260910815939
1998-04-17,-0.0423753558654
1998-04-20,0.0
1998-04-21,0.0
1998-04-22,0.000889329318647
1998-04-23,0.0256407001688
1998-04-24,0.0430997141124
1998-04-28,-0.0123986308115
1998-04-29,-0.0125482799426
1998-04-30,-0.0254276467869
1998-05-06,0.0
1998-05-07,0.0043505942275
1998-05-11,0.0389608775364
1998-05-14,-0.0166652709153
1998-05-15,0.0
1998-05-19,0.0
1998-05-20,0.00423388568509
1998-05-22,0.0
1998-05-25,-0.00168399118025
1998-05-26,0.0016868317901
1998-05-27,-0.0126541639408
1998-05-28,0.0128163440596
1998-06-01,-0.00421603547285
1998-06-02,0.0169477090785
1998-06-04,0.00833263545767
1998-06-05,0.0165275528425
1998-06-09,-0.0406470852568
1998-06-15,0.0
1998-06-16,0.0
1998-06-17,0.0169477090785
1998-06-22,0.0
1998-06-24,-0.0166652709153
1998-06-25,0.0
1998-06-26,0.0169477090785
1998-07-01,-0.024997906373
1998-07-02,0.0170925488512
1998-07-03,-0.0168053033822
1998-07-07,0.0
1998-07-10,0.0170925488512
1998-07-14,0.0
1998-07-15,0.00840265169109
1998-07-16,-0.0166652709153
1998-07-17,0.00847385453926
1998-07-21,0.00840265169109
1998-07-24,-0.0166652709153
1998-07-27,0.0423692726963
1998-07-28,-0.0406470852568
1998-07-29,-0.00847385453926
1998-07-31,-0.0085462744256
1998-08-03,0.0
1998-08-05,0.0215467630351
1998-08-06,0.00422209299508
1998-08-11,-0.0420192905098
1998-08-13,0.0087712117873
1998-08-14,0.0
1998-08-17,-0.0173898931389
1998-08-18,0.0796457928371
1998-08-19,0.0
1998-08-24,-0.0573782066369
1998-08-27,0.0
1998-08-28,-0.0434747328473
1998-09-01,0.0181802757712
1998-09-03,0.0892846842574
1998-09-04,-0.0983584372794
1998-09-07,0.00909013788558
1998-09-11,0.0180165032722
1998-09-17,0.0
1998-09-24,0.0176976534411
1998-09-28,-0.0434747328473
1998-09-29,-0.0363670771259
1998-10-05,-0.00943319563892
1998-10-06,0.0
1998-10-08,0.0
1998-10-09,0.0190528927993
1998-10-15,-0.0177574733001
1998-10-16,0.00855774944166
1998-10-20,0.00943996749509
1998-10-21,-0.0186966672033
1998-10-26,0.0476219774811
1998-10-28,-0.0454572150115
1998-11-02,0.0
1998-11-04,0.0
1998-11-05,0.0666680339356
1998-11-09,-0.0178556550385
1998-11-10,0.0
1998-11-24,0.0272704136567
1998-11-25,-0.0176976534411
1998-11-26,0.0090082516361
1998-12-02,0.0178556550385
1998-12-03,0.0
1998-12-14,-0.0087712117873
1998-12-16,0.0
1998-12-17,0.0
1998-12-18,-0.0265464801616
1998-12-21,-0.0272704136567
1998-12-22,0.0
1998-12-28,0.0280349380132
1999-01-07,-3.91535013018e-05
1999-01-08,0.156757180054
1999-01-11,0.0
1999-01-12,-0.0186902706789
1999-01-14,-0.0952370002012
1999-01-15,0.0
1999-01-19,0.0
1999-01-22,0.0368410016584
1999-01-26,0.0654810420586
1999-01-29,-0.0471638425878
1999-02-02,-0.0499993963613
1999-02-03,0.0105223695665
1999-02-08,-0.0104128022133
1999-02-09,0.0
1999-02-10,0.0631596337504
1999-02-12,-0.133666828035
1999-02-15,0.0565696703782
1999-02-16,0.000541938179871
1999-02-17,-0.0270234995465
1999-02-19,0.00277673445297
1999-02-22,0.00276904554879
1999-02-23,0.0
1999-02-25,-0.00552279821776
1999-02-26,0.0
1999-03-01,0.0555548103235
1999-03-02,-0.0315798168752
1999-03-03,0.026632285495
1999-03-08,-0.000530459902344
1999-03-10,0.0
1999-03-11,0.0593215461841
1999-03-12,0.0
1999-03-16,0.0
1999-03-17,0.0
1999-03-18,0.0
1999-03-22,0.0119158286149
1999-03-23,-0.027774463719
1999-03-26,-0.0285740581666
1999-03-30,0.0
1999-03-31,-0.0170600607619
1999-04-06,0.00239683335261
1999-04-08,0.0149235552422
1999-04-13,0.0
1999-04-14,0.0
1999-04-15,0.0
1999-04-19,-0.0123544905036
1999-04-20,-0.00833296027934
1999-04-21,-0.0318320177475
1999-04-22,0.023573217521
1999-04-23,0.0484814566563
1999-04-26,-0.023119844585
1999-05-03,-0.0236670224662
1999-05-05,0.0302992835157
1999-05-11,-0.0294082350638
1999-05-17,0.0181821731406
1999-05-18,0.0
1999-05-20,0.0
1999-05-21,0.0
1999-05-24,-0.0178574852519
1999-05-25,0.0181821731406
1999-05-27,0.0
1999-05-28,-0.0178574852519
1999-05-31,0.0181821731406
1999-06-01,-0.0476220911281
1999-06-02,0.0187504194349
1999-06-03,0.00613290822376
1999-06-04,0.0
1999-06-07,0.00610207221658
1999-06-08,0.0181821731406
1999-06-09,-0.0238142412486
1999-06-10,0.0365862441484
1999-06-11,-0.0352949350379
1999-06-15,0.0365862441484
1999-06-22,-0.0176474675189
1999-06-23,0.00599245156852
1999-06-24,-0.0059567559967
1999-06-30,0.00599245156852
1999-07-01,0.0119007292552
1999-07-05,-0.0235278512913
1999-07-06,0.0
1999-07-09,0.0120506086754
1999-07-12,0.0113063319294
1999-07-13,-0.011179927953
1999-07-14,0.0119007292552
1999-07-16,-0.0117607675448
1999-07-21,-0.0148854986227
1999-07-22,0.0151104248307
1999-07-23,-0.0238142412486
1999-07-26,0.00610207221658
1999-07-27,0.0
1999-07-30,0.0
1999-08-02,-0.0242472359062
1999-08-03,-0.00620910891617
1999-08-06,0.0
1999-08-09,-0.00499966445205
1999-08-11,0.0301487201969
1999-08-13,0.0
1999-08-17,0.0
1999-08-19,-0.0182931220742
1999-08-23,0.0186339960384
1999-08-27,-0.0152420859659
1999-08-30,0.0216745231272
1999-08-31,-0.00606506276559
1999-09-07,0.0365862441484
1999-09-09,-0.0470557025827
1999-09-13,0.0185188867458
1999-09-21,0.0
1999-09-27,0.0
1999-09-28,0.0181821731406
1999-09-29,-0.0178574852519
1999-10-01,0.0
1999-10-04,-0.0181821731406
1999-10-05,0.0185188867458
1999-10-07,0.0
1999-10-08,-0.0363643462812
1999-10-12,0.00628718454339
1999-10-18,0.00624790282531
1999-10-21,0.0248497742445
1999-10-22,0.0
1999-10-25,-0.0121236179531
1999-10-27,-0.0674817527865
1999-10-28,0.0427592540266
1999-10-29,-0.00946393610319
1999-11-01,-0.0127345844504
1999-11-02,0.0
1999-11-04,0.0193482688391
1999-11-05,0.0189878149062
1999-11-08,-0.00620910891617
1999-11-09,0.00624790282531
1999-11-10,0.0
1999-11-11,0.0
1999-11-12,-0.00496862099092
1999-11-15,0.0112402477278
1999-11-16,0.0
1999-11-17,0.0154301962578
1999-11-18,0.0
1999-11-19,-0.000607045645916
1999-11-22,-0.0145975389921
1999-11-25,-0.0117317213816
1999-11-26,0.0
1999-11-29,0.00562027591665
1999-11-30,-0.00620910891617
1999-12-02,-0.0156231125428
1999-12-09,-0.0158710680247
1999-12-10,0.0645150117073
1999-12-14,0.0
1999-12-15,0.0
1999-12-16,-0.0303057910937
1999-12-17,0.0
1999-12-20,0.0
1999-12-22,0.0
1999-12-28,-0.0249983222603
2000-01-03,0.0
2000-01-04,0.0128161888702
2000-01-05,0.00443094320645
2000-01-10,-0.023308682738
2000-01-11,0.0322540421464
2000-01-12,-0.0218777263271
2000-01-13,0.0
2000-01-14,0.0479245283019
2000-01-17,-0.024388647003
2000-01-19,0.0312529360446
2000-01-20,-0.0363643462812
2000-01-25,0.00628718454339
2000-01-27,0.0
2000-01-28,0.0
2000-01-31,-0.00624790282531
2000-02-01,0.00628718454339
2000-02-03,-0.0125025166096
2000-02-04,0.0253216171584
2000-02-07,-0.0123481338609
2000-02-09,0.0
2000-02-10,-0.0125025166096
2000-02-11,0.0
2000-02-14,0.0
2000-02-15,0.0126608085792
2000-02-16,0.0312529360446
2000-02-17,-0.039396877664
2000-02-18,0.00315690352476
2000-02-21,0.00314021569568
2000-02-22,0.00313711762171
2000-02-24,0.0312529360446
2000-02-25,0.0290888739938
2000-02-28,-0.028266629568
2000-02-29,0.0
2000-03-01,0.0
2000-03-02,0.0
2000-03-03,0.0302992835157
2000-03-06,-0.0235278512913
2000-03-07,-0.00602207014321
2000-03-09,0.00424294090468
2000-03-10,0.0199132964833
2000-03-13,0.0
2000-03-14,0.0153819762123
2000-03-16,0.0489509614362
2000-03-17,0.0
2000-03-20,-0.027774463719
2000-03-21,-0.0514296232667
2000-03-22,-0.00602207014321
2000-03-27,-0.0454554328516
2000-03-28,0.0
2000-03-29,-0.0158710680247
2000-03-30,0.0322540421464
2000-03-31,-0.0312462250856
2000-04-03,0.0322540421464
2000-04-05,-0.0312462250856
2000-04-07,0.0258046192
2000-04-10,-0.0251554913256
2000-04-12,0.0
2000-04-14,0.0451598154537
2000-04-18,0.0
2000-04-19,-0.0432085263765
2000-04-25,0.0322540421464
2000-04-26,0.0249983222603
2000-04-27,-0.024388647003
2000-05-03,-0.0187504194349
2000-05-05,0.050958855392
2000-05-08,-0.0303057910937
2000-05-11,0.0
2000-05-19,0.0
2000-05-22,0.0249983222603
2000-05-23,-0.0426817690772
2000-05-25,0.0191087158724
2000-05-26,0.0
2000-05-31,0.0
2000-06-02,0.0312529360446
2000-06-05,0.0
2000-06-08,0.0
2000-06-14,0.0
2000-06-15,0.0
2000-06-16,0.0181821731406
2000-06-28,-0.0178574852519
2000-07-04,-0.0303057910937
2000-07-05,-0.0437487416952
2000-07-17,0.00653374599097
2000-07-18,0.0
2000-07-20,0.0162318193861
2000-07-24,0.0536809605489
2000-07-27,-0.0297185721541
2000-07-28,-0.0312462250856
2000-08-02,0.0322540421464
2000-08-03,-0.0187504194349
2000-08-07,-0.010190403239
2000-08-08,0.000642593590647
2000-08-10,0.0289395728461
2000-08-17,0.0
2000-08-18,0.0187504194349
2000-08-21,-0.000612632078206
2000-08-22,-0.0116669193401
2000-08-23,0.0118046431596
2000-08-24,0.000613007626342
2000-08-25,0.00306974783273
2000-08-28,-0.00917449267748
2000-08-30,0.0185188867458
2000-08-31,0.0
2000-09-01,-0.0212147045234
2000-09-04,0.0835931838279
2000-09-05,0.0285679224445
2000-09-06,-0.000554773437686
2000-09-11,-0.110616379079
2000-09-12,0.0
2000-09-13,0.00624790282531
2000-09-19,0.00621577820609
2000-09-20,-0.00185586552929
2000-09-21,-0.00432955051032
2000-09-22,0.0776438732568
2000-09-27,-0.0432285574596
2000-09-28,0.0240947489618
2000-09-29,0.020590817506
2000-10-04,-0.0426530018628
2000-10-09,-0.000601198518337
2000-10-12,-0.0180726788186
2000-10-19,0.0
2000-10-20,0.00613290822376
2000-10-23,-0.000608897764101
2000-10-25,0.0311185650083
2000-10-27,-0.0118366880146
2000-10-31,0.0179644953674
2000-11-02,0.0
2000-11-06,0.0
2000-11-07,0.0558857525439
2000-11-15,-0.0640661358728
2000-11-17,0.00595036462761
2000-11-20,-0.00591516722578
2000-11-21,-0.0178574852519
2000-11-27,0.0
2000-11-28,-0.0121236179531
2000-11-29,0.00122526415641
2000-12-01,0.0355418119613
2000-12-04,-0.0349128291146
2000-12-12,0.0668281796217
2000-12-13,-0.0172356338863
2000-12-14,-0.00585224953691
2000-12-18,-0.0252900715626
2000-12-22,0.0259462541878
2000-12-27,-0.0411753188103
2000-12-28,0.0429435324497
2000-12-29,0.0588227863292
2001-01-04,-0.0555548927438
2001-01-08,0.0294145512655
2001-01-09,0.0
2001-01-10,0.0285679224445
2001-01-11,-0.00555369968265
2001-01-12,0.00558471551543
2001-01-18,0.0
2001-01-22,0.0
2001-01-26,-0.027774463719
2001-01-29,0.0571419806111
2001-01-31,0.0270237328272
2001-02-02,-0.0526309840689
2001-02-09,0.0
2001-02-14,0.0555548927438
2001-02-15,0.0
2001-02-19,-0.0263126663615
2001-02-21,-0.0378367083979
2001-02-28,0.0393246226791
2001-03-02,-0.0270295368935
2001-03-05,0.0555548927438
2001-03-06,0.0
2001-03-12,0.0
2001-03-16,-0.0473639297199
2001-03-19,0.0430924018794
2001-03-22,-0.0201271668411
2001-03-27,-0.0270295368935
2001-04-02,0.00555966498843
2001-04-23,-0.0138163827061
2001-04-25,0.00840356354405
2001-04-26,-0.00833353217686
2001-04-27,0.0
2001-05-04,0.00840356354405
2001-05-10,0.0194468968479
2001-05-17,-0.0190759292201
2001-05-23,-0.0555548927438
2001-05-28,-0.0294082350638
2001-05-29,0.0757547163672
2001-06-01,0.0135202168074
2001-06-06,-0.0550306488484
2001-06-07,-0.0235278512913
2001-06-08,0.0512037671897
2001-06-19,-0.0143249196992
2001-06-21,-0.0581386638033
2001-06-26,0.0123415057698
2001-06-28,0.0
2001-07-11,0.0
2001-07-12,0.0
2001-07-13,0.0359773463843
2001-07-17,-0.04061176768
2001-07-30,-0.00920265605649
2001-07-31,-0.00928813153643
2001-08-03,0.00937520971747
2001-08-09,-0.00309826005439
2001-08-13,0.0
2001-08-15,0.0248497742445
2001-08-17,-0.0297005863328
2001-08-21,0.0
2001-08-24,0.0
2001-08-30,0.0
2001-09-06,0.0243590001543
2001-09-10,-0.000608897764101
2001-09-11,-0.0115892087368
2001-09-19,-0.0123481338609
2001-09-20,-0.0125025166096
2001-09-21,0.0
2001-09-25,-0.0499976214262
2001-09-26,0.0326489734602
2001-10-01,-0.0193551962537
2001-10-08,0.0
2001-10-11,-0.0131604973156
2001-10-19,0.06666571222
2001-10-22,-0.0562512583048
2001-10-29,0.0397360411867
2001-10-30,0.0127414236472
2001-11-07,0.0
2001-11-13,0.0
2001-11-19,-0.0188683067822
2001-11-20,0.0
2001-11-21,0.0256392607633
2001-11-22,-0.0125025166096
2001-11-23,0.0
2001-11-26,0.0126608085792
2001-11-27,-0.0243742030736
2001-12-04,0.0185791522789
2001-12-05,0.00628718454339
2001-12-07,0.0125025166096
2001-12-10,-0.00617738097605
2001-12-13,-0.0248431049546
2001-12-14,-0.0127345844504
2001-12-18,0.0322540421464
2001-12-20,0.0
2001-12-21,-0.0125025166096
2001-12-28,0.00633380225217
2002-01-04,0.0182402636431
2002-01-07,0.0191471017376
2002-01-08,0.0
2002-01-10,0.0242407283281
2002-01-14,-0.0520738029887
2002-01-16,0.0605512212124
2002-01-22,0.000587752006573
2002-01-23,-0.000587406757073
2002-01-24,0.000587752006573
2002-01-28,-0.0294082350638
2002-01-31,0.00605855518752
2002-02-01,0.0240947489618
2002-02-04,-0.0264712012784
2002-02-05,0.0271909791607
2002-02-06,0.0294145512655
2002-02-11,0.0
2002-02-26,-0.0285740581666
2002-02-27,0.0294145512655
2002-03-01,0.0
2002-03-05,-0.0514296232667
2002-03-11,0.0391531585143
2002-03-12,0.00290069778588
2002-03-13,-0.00289230807426
2002-03-15,-0.00579517089841
2002-03-18,-0.052479338843
2002-03-22,0.0153893932786
2002-03-26,0.0
2002-04-02,-0.00606506276559
2002-04-05,0.0298818214555
2002-04-09,-0.0230897844233
2002-04-17,0.0151496417578
2002-04-18,0.0
2002-04-19,-0.00895541523767
2002-04-22,0.0
2002-04-23,0.0
2002-04-24,0.0
2002-04-25,-0.00602207014321
2002-04-29,0.0
2002-04-30,0.00605855518752
2002-05-06,-0.00602207014321
2002-05-07,0.0
2002-05-15,0.0
2002-05-17,0.0
2002-05-23,0.0
2002-05-27,0.0
2002-05-28,0.0
2002-05-30,0.0
2002-05-31,0.0212081969453
2002-06-05,-0.0207677504046
2002-06-06,0.0
2002-06-07,0.0
2002-06-10,0.0
2002-06-13,0.0
2002-06-14,0.0
2002-06-20,0.0206029921844
2002-06-24,0.0
2002-06-25,0.00653561431586
2002-06-28,0.0
2002-07-01,-0.0265491771085
2002-07-02,0.0
2002-07-03,0.0272732597109
2002-07-10,-0.0147537660429
2002-07-12,0.0
2002-07-19,-0.00598602189945
2002-07-25,-0.00602207014321
2002-07-26,0.0
2002-08-01,0.0296940787547
2002-08-02,-0.0141250078999
2002-08-05,0.0
2002-08-08,0.0
2002-08-14,0.0
2002-08-16,-0.0149235552422
2002-08-23,0.0424229014688
2002-08-27,0.00290287540734
2002-09-10,-0.0428942241256
2002-09-11,0.0145356399584
2002-09-12,0.0
2002-09-16,0.0149235552422
2002-09-18,0.0
2002-09-19,0.0147041175319
2002-09-20,0.0
2002-09-24,0.0
2002-10-01,-0.023186908267
2002-10-04,0.0
2002-10-14,0.0
2002-10-15,0.00890228515351
2002-10-22,0.0
2002-10-23,-0.00588038377241
2002-10-25,0.00591516722578
2002-10-28,0.0
2002-10-29,0.0
2002-11-01,0.000587406757073
2002-11-04,0.0
2002-11-07,0.0
2002-11-08,-0.000587061912938
2002-11-12,0.0176474675189
2002-11-13,-0.000577220280914
2002-11-14,-0.0167738970588
2002-11-18,0.0
2002-11-21,0.0
2002-11-22,0.0294145512655
2002-11-26,-0.00228862437109
2002-11-28,0.0
2002-11-29,0.00172194308978
2002-12-04,-0.00515081007079
2002-12-05,-0.0229870161927
2002-12-12,0.000587406757073
2002-12-17,-0.000587061912938
2002-12-20,0.0235278512913
2002-12-23,-0.0229870161927
2002-12-30,0.0058866999741
2003-01-03,-0.00585224953691
2003-01-08,0.000587406757073
2003-01-09,0.0
2003-01-15,0.0
2003-01-16,0.0
2003-01-24,0.0282231592768
2003-01-27,-0.00515081007079
2003-01-29,-0.0229870161927
2003-01-31,0.000587406757073
2003-02-04,0.00235456014544
2003-02-13,0.0181813601698
2003-02-18,-0.00345753234865
2003-02-19,0.0
2003-03-04,0.0115630256273
2003-03-05,-0.0171432077556
2003-03-06,0.0174422234153
2003-03-07,0.0
2003-03-10,0.0342864155111
2003-03-11,0.0
2003-03-17,-0.0883975606284
2003-03-20,0.0302992835157
2003-03-27,-0.0470557025827
2003-04-07,0.111106692384
2003-04-11,-0.0877735092701
2003-04-28,0.0353186591857
2003-05-13,-0.0117607675448
2003-05-19,-0.0059567559967
2003-05-20,-0.0718515518006
2003-05-21,0.0645150117073
2003-05-26,0.00605855518752
2003-05-28,0.00602207014321
2003-06-02,0.0179644953674
2003-06-03,0.0588227863292
2003-06-06,-0.000554773437686
2003-06-09,-0.000555081382093
2003-06-12,-0.000555389668558
2003-06-13,-0.0534247148312
2003-06-18,0.05644000606
2003-06-23,0.00166709489295
2003-07-04,0.00555966498843
2003-07-18,-0.0497247401642
2003-07-21,0.0523266702458
2003-07-24,-0.00552892601205
2003-07-28,0.0277804290248
2003-07-31,0.0540532697208
2003-08-06,-0.00051209761792
2003-08-08,-0.0507952598436
2003-08-19,0.0270237328272
2003-08-22,0.0
2003-08-25,0.00526705434899
2003-09-03,-0.0209409661515
2003-09-04,0.0160373458279
2003-09-08,-0.0157842090094
2003-09-10,0.0320804336342
2003-09-11,-0.0310832688895
2003-09-15,0.0294104136521
2003-09-18,-0.0285701536162
2003-09-19,0.0
2003-09-22,0.0
2003-10-13,0.0
2003-10-16,0.0
2003-10-20,0.0160373458279
2003-10-28,0.0157898603552
2003-10-29,0.0259092148234
2003-10-30,-0.0252548806941
2003-11-04,0.0103647986292
2003-11-07,0.012818959726
2003-11-12,0.00253351745735
2003-11-14,0.035352494577
2003-11-17,0.0121936528056
2003-11-18,0.0120519335358
2003-11-19,-0.00952570867591
2003-11-20,-0.00240562068627
2003-12-01,0.0120519335358
2003-12-04,-0.0285720129259
2003-12-08,0.0196065014633
2003-12-10,-0.0144233995653
2003-12-17,-0.0975596980919
2003-12-18,0.0540532697208
2003-12-19,0.0
2003-12-29,-0.0051264826052
2003-12-30,-0.0386605783866
2004-01-05,0.00589556105706
2004-01-13,0.0287841844386
2004-01-14,-0.0155444161942
2004-01-15,0.0473695810657
2004-01-19,0.0
2004-01-21,-0.0200991739105
2004-01-27,0.0051264826052
2004-01-28,-0.00254742874047
2004-02-02,0.0230183663606
2004-02-03,-0.0500045634399
2004-02-10,0.0263183177074
2004-02-11,0.0
2004-02-12,0.025643425878
2004-02-19,0.0
2004-02-25,-0.00500367759566
2004-03-04,-0.0200991739105
2004-03-05,-0.038462385604
2004-03-09,0.0533326461308
2004-03-19,-0.0632890058391
2004-03-23,-0.0270295368935
2004-04-06,0.0277804290248
2004-04-07,0.0
2004-04-08,0.0
2004-04-19,0.00540358575218
2004-04-20,0.000536877107099
2004-04-21,0.000536589024735
2004-04-23,0.0204082809527
2004-04-26,0.0521054089031
2004-04-28,-0.00450128646552
2004-04-30,-0.0427127679665
2004-05-07,0.00262660992588
2004-05-14,-0.0235606950714
2004-05-18,-0.00161206747654
2004-05-19,-0.0332968110259
2004-06-01,0.0555548927438
2004-06-08,0.0
2004-06-09,0.0
2004-06-11,-0.0263126663615
2004-06-16,-0.0162165613229
2004-06-17,0.0
2004-07-01,0.0708794742152
2004-07-21,-0.000512359996254
2004-07-22,-0.000512622643589
2004-07-26,0.0118129125833
2004-08-04,-0.073603715069
2004-08-09,-0.00548348189333
2004-08-11,0.00881484680506
2004-08-24,-0.0109193481231
2004-08-25,0.0104884946727
2004-09-03,0.0081969136889
2004-09-10,0.00271203012332
2004-09-16,0.0270237328272
2004-09-20,-0.0526309840689
2004-09-24,0.0555548927438
2004-09-29,-0.0636793652408
2004-09-30,0.00618055178325
2004-10-05,0.0335202903332
2004-10-08,-0.0270295368935
2004-10-11,0.0555548927438
2004-10-19,-0.0526309840689
2004-10-22,0.0
2004-10-26,0.0166670643537
2004-10-27,-0.0163938273778
2004-10-28,0.0166670643537
2004-10-29,0.0109311740891
2004-11-04,-0.0108129755707
2004-11-05,0.0109311740891
2004-11-08,0.0135118664136
2004-11-09,0.0240005497621
2004-11-11,0.0156253495291
2004-11-17,-0.0153849542416
2004-11-23,-0.0213520345391
2004-11-24,0.06385933232
2004-11-25,0.0505293577341
2004-11-29,-0.0761903301019
2004-12-07,0.00773211567732
2004-12-08,0.0480798804868
2004-12-09,-0.0458742519363
2004-12-14,0.0485906674283
2004-12-15,-0.0453647882086
2004-12-16,0.00408761206641
2004-12-21,-0.00101637678071
2004-12-28,0.0
2004-12-29,0.00610993507168
2004-12-30,-0.00657844661672
2005-01-04,-0.00611851754559
2005-01-07,0.025643425878
2005-01-10,0.05499750353
2005-01-13,-0.000473265583414
2005-01-17,-0.0516816520207
2005-01-18,0.0374953694507
2005-01-24,0.000486424110077
2005-01-28,0.0115598864183
2005-02-02,-0.01142778255
2005-02-07,0.0110788710103
2005-02-09,0.000475744693912
2005-02-11,0.142854951528
2005-02-14,-0.0833322148402
2005-02-21,-0.0404560518134
2005-02-23,0.00615971515768
2005-02-28,0.0828619237555
2005-03-03,0.0108682458614
2005-03-11,-0.0941901814991
2005-03-14,0.115858974686
2005-03-16,-0.0212785400646
2005-03-22,-0.086955303872
2005-03-23,0.0
2005-03-24,-0.00095615003886
2005-03-29,0.000957065136727
2005-04-04,-0.0619043236389
2005-04-06,0.0152287307393
2005-04-07,0.0
2005-04-11,0.0724996376092
2005-04-14,0.00232771178423
2005-04-19,-0.0697640736745
2005-04-22,0.0104959116948
2005-04-26,0.0385988587701
2005-04-29,-0.0471652266437
2005-05-03,0.0249969129671
2005-05-10,0.0707315667901
2005-05-13,0.0
2005-05-26,0.0
2005-05-27,0.0
2005-06-02,-0.0382686879656
2005-06-03,0.0303204476094
2005-06-06,0.0
2005-06-14,-0.0344834395565
2005-06-22,0.01904630425
2005-06-23,-0.0186903226778
2005-06-27,0.0
2005-06-28,-0.0666697345278
2005-07-06,0.0153064858084
2005-07-08,-0.00250902439419
2005-07-22,0.00755682494347
2005-08-03,-0.0150002952814
2005-08-09,0.0152287307393
2005-08-10,0.00249647004504
2005-08-11,0.122193779187
2005-08-18,-0.0902192846405
2005-08-22,0.0644827947965
2005-08-23,-0.0468085525765
2005-08-24,0.00144235243029
2005-08-26,0.0
2005-08-30,0.0
2005-08-31,0.00913722878692
2005-09-01,0.000475744693912
2005-09-06,0.0
2005-09-07,0.0
2005-09-08,0.0
2005-09-13,-0.00476541088886
2005-09-15,0.0052660241261
2005-09-16,0.0233199944805
2005-09-22,0.023258020696
2005-09-23,0.0
2005-09-26,0.036361151648
2005-09-28,0.00789774841174
2005-09-29,-0.00783586273923
2005-09-30,-0.017542702942
2005-10-03,0.0
2005-10-12,0.0
2005-10-14,0.0
2005-10-17,-0.12857238728
2005-10-18,0.111682582292
2005-11-02,0.0506890323858
2005-11-07,0.00877370619622
2005-11-08,0.0217411602133
2005-11-10,-0.0425570801292
2005-11-15,0.0666682574149
2005-11-17,0.0
2005-11-21,-0.0625013981165
2005-11-24,0.0
2005-11-28,0.0511155121812
2005-11-29,0.0
2005-11-30,-0.00634261949731
2005-12-05,0.0
2005-12-07,0.0
2005-12-19,0.0
2005-12-22,0.0212739709128
2005-12-27,0.0208352906964
2005-12-29,-0.0204100415476
2006-01-02,0.0416661074201
2006-01-03,0.0
2006-01-13,0.0
2006-01-16,0.0
2006-01-17,0.0880005841222
2006-01-18,-0.0805157174607
2006-01-30,0.0595781402278
2006-02-03,0.0
2006-02-09,0.0188696828986
2006-02-10,-0.0592591119683
2006-02-14,0.00393567642061
2006-02-16,0.0196054487652
2006-03-01,0.0384651917684
2006-03-07,-0.018520212364
2006-03-08,0.00943281550094
2006-03-09,-0.0224304167369
2006-03-13,-0.00573627113633
2006-03-14,0.0380769882011
2006-03-15,0.0744745604927
2006-03-16,0.0
2006-03-17,0.0
2006-03-20,0.0344822479182
2006-03-21,-0.0763330637022
2006-03-22,-0.0234590242069
2006-03-27,0.0347402713352
2006-03-28,0.0
2006-03-29,0.0
2006-03-30,0.0
2006-03-31,0.0
2006-04-03,0.0535686894097
2006-04-04,-0.0508449899358
2006-04-11,-0.0889296232667
2006-04-18,0.00509727331655
2006-04-20,-0.00897026244928
2006-04-21,0.0232160137251
2006-04-26,0.0
2006-05-04,0.0
2006-05-09,0.0
2006-05-15,0.0
2006-05-16,-0.0346120648713
2006-05-17,0.0278875770021
2006-05-19,-0.0310097844589
2006-05-23,0.0
2006-05-30,0.0100030924116
2006-05-31,0.0296993072713
2006-06-05,-0.0384610619432
2006-06-06,0.000399436493892
2006-06-07,-0.000399277008084
2006-06-09,0.0
2006-06-13,-0.0399994845981
2006-07-12,-0.0208308167237
2006-07-26,0.0212739709128
2006-07-27,0.000416079457754
2006-07-31,0.00791563808093
2006-08-02,0.000412640097969
2006-08-07,-0.00041246989635
2006-08-16,-0.0289247397705
2006-08-17,0.0212739709128
2006-08-23,0.0833322148402
2006-08-25,-0.0384610619432
2006-08-28,0.0399994845981
2006-09-04,0.0
2006-09-05,0.0
2006-09-06,-0.0769221238865
2006-09-07,0.0
2006-09-11,0.0
2006-09-12,0.0
2006-09-13,0.0
2006-09-14,0.0
2006-09-15,0.0
2006-09-18,0.0208352906964
2006-09-19,0.0
2006-09-20,0.0
2006-09-21,0.0
2006-09-22,0.0
2006-09-25,0.0
2006-09-26,0.0
2006-09-27,0.0
2006-09-28,0.0
2006-09-29,0.0
2006-10-02,0.0
2006-10-03,-0.0473502445524
2006-10-04,0.0
2006-10-05,0.0
2006-10-06,0.0
2006-10-09,0.0
2006-10-10,0.0
2006-10-11,0.0
2006-10-12,0.0
2006-10-13,0.0
2006-10-16,0.0497037282397
2006-10-17,0.0
2006-10-18,0.0
2006-10-19,0.0
2006-10-20,0.0
2006-10-23,-0.0277553775222
2006-10-24,0.0474398099523
2006-10-25,0.0
2006-10-26,0.0
2006-10-27,-0.0172359626963
2006-10-30,0.0
2006-10-31,0.097062507116
2006-11-01,0.0
2006-11-02,-0.00445867245722
2006-11-03,0.0
2006-11-06,-0.0646014931477
2006-11-07,0.0
2006-11-08,0.0
2006-11-09,0.0455091001054
2006-11-10,-0.0454387051015
2006-11-13,0.0356013881492
2006-11-14,0.0
2006-11-15,0.0
2006-11-16,0.0
2006-11-17,0.0
2006-11-20,0.0
2006-11-21,0.0
2006-11-22,0.0
2006-11-23,-0.0285836336716
2006-11-24,0.0
2006-11-27,0.00198953997225
2006-11-28,-0.00754183159985
2006-11-29,-0.000399277008084
2006-11-30,-0.0135980208566
2006-12-01,0.00161977166445
2006-12-04,0.00162149943052
2006-12-05,-0.00565955027408
2006-12-07,-0.00121779287046
2006-12-08,0.0174981645282
2006-12-11,0.0716022127923
2006-12-12,-0.0220241363693
2006-12-13,0.0
2006-12-14,0.0
2006-12-15,-0.00381551122113
2006-12-18,-0.0114944893098
2006-12-19,0.0
2006-12-20,0.0
2006-12-21,0.00774932474332
2006-12-22,0.0
2006-12-27,0.0192325958842
2006-12-28,0.0
2006-12-29,0.0
2007-01-02,0.0
2007-01-03,-0.0188696828986
2007-01-04,-0.00384486724677
2007-01-05,0.0285726130757
2007-01-08,-0.0240264084933
2007-01-09,0.0
2007-01-10,-0.0130750265341
2007-01-11,0.0132482477247
2007-01-12,0.0
2007-01-15,0.0
2007-01-16,0.00384899707195
2007-01-17,0.0003826011116
2007-01-18,0.0210638000378
2007-01-19,0.00150228766594
2007-01-22,0.028086430924
2007-01-23,-0.0236773650961
2007-01-24,0.0
2007-01-25,0.0
2007-01-26,0.0
2007-01-29,-0.0298527196384
2007-01-30,-0.000384073742158
2007-01-31,0.0388641922263
2007-02-01,-0.0477779324332
2007-02-02,0.0
2007-02-05,0.0112762642989
2007-02-06,0.0
2007-02-07,0.0192325958842
2007-02-08,0.0377353139004
2007-02-09,0.0
2007-02-12,0.0
2007-02-13,0.0145444748566
2007-02-14,0.0
2007-02-15,-0.0322549608214
2007-02-16,0.0
2007-02-19,-0.0311149112167
2007-02-20,0.00153100385419
2007-02-21,0.0675562695694
2007-02-22,-0.01751712171
2007-02-23,-0.0174660545082
2007-02-26,0.0
2007-02-27,0.00184923743811
2007-02-28,-0.0203318513814
2007-03-01,0.0
2007-03-02,0.0
2007-03-05,0.0
2007-03-06,0.0
2007-03-07,0.0
2007-03-08,0.0
2007-03-09,0.0377353139004
2007-03-12,0.0
2007-03-13,0.03636313942
2007-03-14,0.00351136295135
2007-03-15,-0.0384635600475
2007-03-16,0.0250906833365
2007-03-19,-0.056049242583
2007-03-20,0.0706515160075
2007-03-21,-0.00315831923145
2007-03-22,0.00281670970498
2007-03-23,-0.0203666141352
2007-03-26,0.00860157945781
2007-03-27,-0.00177432833087
2007-03-28,0.000355496433568
2007-03-29,-0.048043744913
2007-03-30,0.00934868299575
2007-04-02,0.0
2007-04-03,0.0333300192877
2007-04-04,0.00358687787681
2007-04-05,0.0
2007-04-10,-0.0178587863542
2007-04-11,0.0
2007-04-12,0.0
2007-04-13,-0.0181796174315
2007-04-16,-0.00926209460937
2007-04-17,0.0467313728796
2007-04-18,-0.0410709903056
2007-04-19,-0.0018635676523
2007-04-20,0.0
2007-04-23,0.0820899708324
2007-04-24,-0.0396547702356
2007-04-25,0.0
2007-04-26,0.0416507628069
2007-04-27,0.00310170482726
2007-04-30,0.0298990450607
2007-05-02,0.000999587983448
2007-05-03,0.0
2007-05-04,-0.00333221185852
2007-05-07,0.00300937647012
2007-05-08,-0.0316790845718
2007-05-09,-0.000343867511176
2007-05-10,0.00103565616215
2007-05-11,0.0
2007-05-14,0.000687259828555
2007-05-15,0.0
2007-05-16,0.000343393913435
2007-05-18,0.0312824128245
2007-05-21,-0.0196675662326
2007-05-22,0.0197225984761
2007-05-23,-0.0176726900369
2007-05-24,0.0183295974341
2007-05-25,0.0
2007-05-28,0.00333221185852
2007-05-29,-0.00332114509944
2007-05-30,0.0150003221257
2007-05-31,-0.0147786377982
2007-06-01,0.0
2007-06-04,0.0
2007-06-05,0.0
2007-06-06,0.0
2007-06-07,0.0
2007-06-08,0.0
2007-06-11,-0.06666571222
2007-06-12,0.0357137378819
2007-06-13,0.0
2007-06-14,-0.0137921586487
2007-06-15,-0.00174953821202
2007-06-18,0.00280191056452
2007-06-19,0.047503140998
2007-06-20,-0.0163407936241
2007-06-21,-0.0169471166971
2007-06-25,-0.0103450446348
2007-06-26,0.0104531832824
2007-06-27,0.0
2007-06-28,0.0
2007-06-29,0.0
2007-07-02,0.0
2007-07-03,0.0
2007-07-04,0.0
2007-07-05,0.0
2007-07-06,0.0
2007-07-09,0.0
2007-07-10,0.149999444611
2007-07-11,-0.100150357542
2007-07-12,0.0
2007-07-13,0.0
2007-07-16,0.0329890120113
2007-07-17,-0.0290328949419
2007-07-18,0.0
2007-07-19,0.0265798626594
2007-07-20,0.00323515512065
2007-07-23,-0.0287107690496
2007-07-24,0.0
2007-07-25,0.0
2007-07-26,-0.0700739610153
2007-07-27,0.0
2007-07-30,0.0
2007-07-31,0.0
2007-08-01,0.0714274757639
2007-08-02,0.0
2007-08-03,-0.0329999928417
2007-08-06,0.00172481437888
2007-08-07,0.0299364469406
2007-08-08,0.0
2007-08-09,0.0
2007-08-10,-0.00768452547517
2007-08-13,0.0
2007-08-14,0.0
2007-08-15,-0.00673535791757
2007-08-16,0.0169507565417
2007-08-17,0.0
2007-08-20,0.0166646384675
2007-08-21,-0.0160640732265
2007-08-22,0.0
2007-08-23,0.0
2007-08-24,-0.0169954237585
2007-08-27,0.0
2007-08-28,0.000338505552583
2007-08-29,0.000342029618309
2007-08-30,0.000338275305175
2007-08-31,0.0155772188628
2007-09-03,0.000332974103208
2007-09-04,0.0
2007-09-05,0.0
2007-09-06,0.0
2007-09-07,-0.000332863268359
2007-09-10,0.0
2007-09-11,0.0
2007-09-12,-0.00967057045983
2007-09-13,0.0101012292119
2007-09-14,0.0
2007-09-17,0.0316649605933
2007-09-18,-0.0226164910613
2007-09-19,0.0247939458047
2007-09-20,0.0641931092769
2007-09-21,-0.0300091133967
2007-09-24,0.0156264680223
2007-09-25,0.0153827347304
2007-09-26,-0.0151496910517
2007-09-27,0.0153827347304
2007-09-28,0.0
2007-10-01,0.0
2007-10-02,0.0
2007-10-03,-0.0121204036013
2007-10-04,0.0
2007-10-05,0.0
2007-10-08,0.0230066401412
2007-10-09,0.149926109088
2007-10-10,0.0
2007-10-11,-0.110821790855
2007-10-12,-0.00293471210222
2007-10-15,0.0
2007-10-16,0.0588259444301
2007-10-17,-0.0883339845439
2007-10-18,0.0
2007-10-19,0.00091278786352
2007-10-22,-0.000911955441661
2007-10-23,0.0
2007-10-24,0.0
2007-10-25,0.0
2007-10-26,0.0207193030096
2007-10-29,0.029254142761
2007-10-30,0.000579228131802
2007-10-31,0.0
2007-11-01,0.0
2007-11-02,0.0142015480714
2007-11-05,0.0
2007-11-06,-0.00257160918905
2007-11-07,0.0
2007-11-08,0.0
2007-11-09,-0.00859618248274
2007-11-12,0.0
2007-11-13,-0.0144491270319
2007-11-14,0.0117294019107
2007-11-15,0.0434792080995
2007-11-16,-0.0500010439254
2007-11-19,0.00292299432669
2007-11-20,0.0597670924117
2007-11-21,-0.00412664090839
2007-11-22,-0.0745843653136
2007-11-23,0.0746273919036
2007-11-26,-0.000277385891497
2007-11-27,-0.000280446327346
2007-11-28,-0.00222330983688
2007-11-29,-0.0306393771628
2007-11-30,0.0341965522668
2007-12-03,0.0
2007-12-04,0.0
2007-12-05,-0.0330658153828
2007-12-07,0.0
2007-12-10,0.0344835033956
2007-12-11,0.0
2007-12-12,0.0
2007-12-13,0.0
2007-12-14,0.0
2007-12-17,0.0
2007-12-18,-0.138335028469
2007-12-19,0.128307020246
2007-12-20,0.0
2007-12-21,0.0142839612222
2007-12-27,0.0422544583444
2007-12-28,0.0
2008-01-02,-0.0270266348604
2008-01-03,0.0
2008-01-04,0.0
2008-01-07,0.0236106098612
2008-01-08,-0.104207885451
2008-01-09,0.0602876789862
2008-01-10,0.0
2008-01-11,0.0
2008-01-14,0.0
2008-01-15,0.0
2008-01-16,-0.0285740581666
2008-01-17,0.0
2008-01-18,0.0294145512655
2008-01-21,-0.0282856792244
2008-01-22,0.014406137526
2008-01-23,0.0
2008-01-24,0.0144941068088
2008-01-25,0.0
2008-01-28,0.0
2008-01-29,-0.0571450484722
2008-01-30,0.0
2008-01-31,0.0
2008-02-01,0.0
2008-02-04,0.0303026359031
2008-02-05,0.0
2008-02-06,0.0
2008-02-07,0.0
2008-02-08,-0.0335295566658
2008-02-11,0.0346927905525
2008-02-12,0.0
2008-02-13,0.0
2008-02-14,0.0
2008-02-15,-0.0291176897861
2008-02-18,0.0266600742943
2008-02-19,-0.0259677715749
2008-02-20,0.0
2008-02-21,0.00575748310162
2008-02-22,0.0
2008-02-25,0.0
2008-02-26,0.0
2008-02-27,-0.0331343225656
2008-02-28,0.0436158433991
2008-02-29,-0.0432834385717
2008-03-03,0.000311572402056
2008-03-04,-0.00187220132695
2008-03-05,0.0624991611301
2008-03-06,0.0
2008-03-07,0.0
2008-03-10,0.0
2008-03-11,0.0
2008-03-12,-0.055882594443
2008-03-13,0.0218095942144
2008-03-14,-0.0213440883095
2008-03-17,0.0
2008-03-18,-0.00311422273215
2008-03-19,0.0
2008-03-20,0.0
2008-03-25,0.0
2008-03-26,0.0
2008-03-27,0.0
2008-03-28,-0.00624790282531
2008-03-31,0.0
2008-04-01,0.0
2008-04-02,-0.00975155153668
2008-04-03,0.0
2008-04-04,0.0
2008-04-07,-0.0158761550789
2008-04-08,-0.0122620524299
2008-04-09,-0.0473699903534
2008-04-10,0.0768160076002
2008-04-11,0.0
2008-04-14,0.0
2008-04-15,-0.0286630738086
2008-04-16,0.0
2008-04-17,-0.0813096285865
2008-04-18,0.0
2008-04-21,0.0388995761705
2008-04-22,-0.000343040519356
2008-04-23,0.000343158236536
2008-04-24,0.0305748695155
2008-04-25,0.0
2008-04-28,0.0
2008-04-29,0.0
2008-04-30,0.0
2008-05-02,-0.03333285611
2008-05-05,0.0
2008-05-06,0.0517215205809
2008-05-07,-0.0327864812533
2008-05-08,0.0338978732388
2008-05-09,0.0
2008-05-12,0.0
2008-05-13,0.0
2008-05-14,-0.02786833304
2008-05-15,0.0455322415928
2008-05-16,0.0
2008-05-19,-0.0483881582366
2008-05-20,0.0
2008-05-21,0.0508486297805
2008-05-22,0.0
2008-05-23,-0.0422573751243
2008-05-26,0.0
2008-05-27,0.0
2008-05-28,0.0104409653282
2008-05-29,0.0
2008-05-30,0.03333285611
2008-06-02,-0.0322576175846
2008-06-03,0.0
2008-06-04,0.0
2008-06-05,0.0
2008-06-06,0.0
2008-06-09,0.0
2008-06-10,0.03333285611
2008-06-11,-0.0161305406519
2008-06-12,0.0163950008801
2008-06-13,0.0
2008-06-16,-0.0161305406519
2008-06-17,0.0
2008-06-18,0.0
2008-06-19,0.0
2008-06-23,-0.0167188875198
2008-06-24,0.000332974103208
2008-06-25,0.0
2008-06-26,-0.0233326413595
2008-06-27,0.0238900595511
2008-06-30,-0.0166682176425
2008-07-01,-0.00508486297805
2008-07-02,-0.00170117802005
2008-07-03,0.0
2008-07-04,0.0
2008-07-07,0.0
2008-07-08,0.0238900595511
2008-07-09,0.0
2008-07-10,-0.026668432393
2008-07-11,0.0
2008-07-14,0.0
2008-07-15,0.0102742118753
2008-07-16,0.0
2008-07-17,0.0
2008-07-18,0.0
2008-07-21,0.0
2008-07-22,0.0
2008-07-23,0.0
2008-07-24,0.0491524621729
2008-07-25,-0.000967940022412
2008-07-28,0.0
2008-07-29,0.0
2008-07-30,0.0
2008-07-31,0.0
2008-08-01,-0.0297539258652
2008-08-04,0.0
2008-08-05,0.0
2008-08-06,-0.03333285611
2008-08-07,0.0
2008-08-08,0.0341379067761
2008-08-11,0.0
2008-08-12,0.0
2008-08-13,-0.0330109809847
2008-08-14,0.0
2008-08-15,0.0
2008-08-18,0.0
2008-08-19,0.0
2008-08-20,0.0
2008-08-21,0.0
2008-08-22,0.0
2008-08-25,-0.0310351339043
2008-08-26,0.0498205954169
2008-08-27,0.0
2008-08-28,-0.0169471166971
2008-08-29,0.0
2008-09-01,-0.0172429752556
2008-09-02,0.0
2008-09-03,-0.0175417445295
2008-09-04,0.0357137378819
2008-09-05,-0.0344822479182
2008-09-08,0.0
2008-09-09,0.0
2008-09-10,0.0
2008-09-11,0.0
2008-09-12,0.0
2008-09-15,0.0
2008-09-16,0.0
2008-09-17,0.0
2008-09-18,0.0
2008-09-19,0.028569456375
2008-09-22,0.0
2008-09-23,0.0
2008-09-24,0.0
2008-09-25,0.0
2008-09-26,0.0
2008-09-29,0.0
2008-09-30,-0.0190964066543
2008-10-01,0.0
2008-10-02,0.0
2008-10-03,-0.000353483139234
2008-10-06,0.0
2008-10-07,-0.0793222890994
2008-10-08,-0.0384610619432
2008-10-09,0.0356013881492
2008-10-10,-0.0536876288275
2008-10-13,0.0204056588889
2008-10-14,0.0399994845981
2008-10-15,0.0
2008-10-16,-0.0307671976245
2008-10-17,-0.0277769492652
2008-10-20,0.0
2008-10-21,0.0
2008-10-22,0.0285705520397
2008-10-23,0.0
2008-10-24,0.0
2008-10-27,0.0
2008-10-28,0.0
2008-10-29,-0.0476200621242
2008-10-30,0.0833322148402
2008-10-31,0.0
2008-11-03,0.0
2008-11-04,0.0
2008-11-05,0.0192325958842
2008-11-06,0.0
2008-11-07,0.0188696828986
2008-11-10,-0.0370404247281
2008-11-11,0.0
2008-11-12,0.0
2008-11-13,0.0384651917684
2008-11-14,0.0
2008-11-17,-0.0370404247281
2008-11-18,0.0
2008-11-19,0.0
2008-11-20,0.0
2008-11-21,0.0
2008-11-24,0.0
2008-11-25,0.0
2008-11-26,0.0
2008-11-27,0.0
2008-11-28,0.0
2008-12-01,0.0
2008-12-02,-0.153460174031
2008-12-03,0.177644866379
2008-12-04,-0.0354935458748
2008-12-05,0.0
2008-12-08,0.0436030030752
2008-12-09,-0.000386863116306
2008-12-10,0.0
2008-12-11,-0.000382895679455
2008-12-12,0.0
2008-12-15,0.0
2008-12-16,0.0
2008-12-17,0.0
2008-12-18,-0.0410431931728
2008-12-19,0.0
2008-12-22,0.0600013744051
2008-12-23,0.093963484307
2008-12-29,-0.0686437915759
2008-12-30,-0.0148177606331
2009-01-02,0.0
2009-01-05,0.0526341284226
2009-01-07,0.0
2009-01-08,0.0714274757639
2009-01-09,0.0
2009-01-12,-0.0833339298625
2009-01-13,0.0
2009-01-14,-0.0327279968451
2009-01-15,0.0
2009-01-16,0.0
2009-01-19,0.0
2009-01-20,0.0714288597621
2009-01-21,0.0
2009-01-22,0.0
2009-01-23,0.0
2009-01-26,-0.0526290011453
2009-01-27,0.0
2009-01-28,-0.0148177606331
2009-01-29,0.0
2009-01-30,0.0
2009-02-02,0.0526341284226
2009-02-03,0.0
2009-02-04,-0.0500023008958
2009-02-05,0.0
2009-02-06,0.0526341284226
2009-02-09,0.0
2009-02-10,0.0
2009-02-11,0.0
2009-02-12,0.0
2009-02-13,0.0
2009-02-16,0.0
2009-02-17,0.0178549515278
2009-02-18,0.0
2009-02-19,-0.0105265537404
2009-02-20,-0.0425503560142
2009-02-23,0.0
2009-02-24,0.0
2009-02-25,0.0481477799209
2009-02-26,-0.0106009212254
2009-02-27,0.0
2009-03-02,0.0
2009-03-03,0.0
2009-03-04,-0.0357137378819
2009-03-05,-0.0148177606331
2009-03-06,-0.0375934993481
2009-03-09,0.0156239514127
2009-03-10,-0.0769221238865
2009-03-11,0.0416661074201
2009-03-12,0.0
2009-03-13,0.0
2009-03-16,0.0
2009-03-17,0.0
2009-03-18,0.0
2009-03-19,-0.0399994845981
2009-03-20,0.0
2009-03-23,-0.0166655481735
2009-03-24,-0.00423586150416
2009-03-25,0.0
2009-03-26,0.0936127826592
2009-03-27,0.0
2009-03-30,0.0
2009-03-31,-0.0272366062662
2009-04-01,0.0
2009-04-02,0.0
2009-04-03,0.0
2009-04-06,0.0
2009-04-07,-0.0935969900527
2009-04-08,0.102821319585
2009-04-09,0.0
2009-04-14,-0.0396158721292
2009-04-15,0.00208487126144
2009-04-16,-0.00208053361669
2009-04-17,0.0
2009-04-20,0.0208352906964
2009-04-21,-0.0163297863016
2009-04-22,0.0166008750434
2009-04-23,0.0
2009-04-24,0.0
2009-04-27,-0.00408463790474
2009-04-28,-0.0204893504665
2009-04-29,0.00418269057974
2009-04-30,0.0166655481735
2009-05-04,0.0639368069002
2009-05-05,0.0
2009-05-06,0.0385202403948
2009-05-07,-0.0504456711353
2009-05-08,0.0390619757063
2009-05-11,0.0150406290745
2009-05-12,0.0
2009-05-13,0.0
2009-05-14,0.0
2009-05-15,0.0370364478734
2009-05-18,0.0
2009-05-19,0.0
2009-05-20,0.0
2009-05-22,0.0
2009-05-25,0.0357137378819
2009-05-26,0.0
2009-05-27,0.0
2009-05-28,0.0
2009-05-29,0.0275843172974
2009-06-01,0.0
2009-06-02,0.0
2009-06-03,0.0
2009-06-04,0.0
2009-06-05,0.0
2009-06-08,-0.0503331159402
2009-06-09,-0.00706854554147
2009-06-11,0.0284678199
2009-06-12,0.00346276597721
2009-06-15,0.0275843172974
2009-06-16,0.0
2009-06-18,-0.0570458795594
2009-06-29,0.01423390995
2009-07-01,0.0491251733076
2009-07-03,-0.0133805927538
2009-07-06,-0.0169471166971
2009-07-08,0.0272399761553
2009-07-09,-0.00302049466908
2009-07-13,-0.023568329718
2009-07-16,0.0
2009-07-20,-0.0148288846679
2009-07-22,-0.0199491874502
2009-07-23,-0.0296432077556
2009-07-27,0.0489491696899
2009-07-28,-0.0263163843511
2009-07-30,0.0151370342711
2009-07-31,0.0117133153676
2009-08-03,0.0175455120863
2009-08-04,0.0655173818225
2009-08-07,0.00323515512065
2009-08-10,-0.00645290900463
2009-08-12,-0.025972305504
2009-08-14,0.0263319899497
2009-08-17,0.0
2009-08-24,0.0555394750149
2009-08-25,-0.076923585208
2009-08-26,0.0166646384675
2009-08-28,0.0983629642669
2009-09-03,-0.0447770761883
2009-09-04,-0.0468760485873
2009-09-08,-0.00163703573315
2009-09-09,0.0311969956098
2009-09-11,-0.0375779668436
2009-09-14,0.00595502464087
2009-09-16,-0.0036168536905
2009-09-17,0.0231092362502
2009-09-21,-0.00580706410638
2009-09-23,0.00616509489855
2009-09-24,0.0
2009-09-28,-0.0161305406519
2009-09-29,0.00655870445344
2009-09-30,0.0
2009-10-01,0.0
2009-10-02,0.0016298664279
2009-10-05,-0.0243907549087
2009-10-06,0.0250005368762
2009-10-07,-0.00813257955367
2009-10-08,0.00819926069354
2009-10-09,0.0211363263368
2009-10-12,0.0461782568255
2009-10-14,-0.0410935620522
2009-10-15,0.00476200215432
2009-10-16,-0.0015809418478
2009-10-19,0.0
2009-10-20,-0.0189877503865
2009-10-21,0.0
2009-10-22,0.0193552632946
2009-10-26,0.0
2009-10-27,0.0126573676073
2009-10-29,-0.0312495805651
2009-11-04,0.0
2009-11-06,0.0
2009-11-09,-0.0322576175846
2009-11-10,0.0
2009-11-12,0.0
2009-11-13,0.0166646384675
2009-11-17,0.0
2009-11-18,-0.0977046294666
2009-11-20,0.104652024799
2009-11-25,-0.0131570117159
2009-11-26,0.0
2009-11-30,0.013332426609
2009-12-01,-0.0131570117159
2009-12-04,0.013332426609
2009-12-09,-0.0131570117159
2009-12-10,0.0
2009-12-14,0.00333221185852
2009-12-21,0.046513867832
2009-12-22,0.0476166128087
2009-12-28,0.0242440610022
2009-12-29,-0.0532555657213
2009-12-30,0.0593752097175
2010-01-04,0.0294981233074
2010-01-05,0.0
2010-01-07,-0.0744981970784
2010-01-11,0.0123830672775
2010-01-13,0.0642216596232
2010-01-14,-0.0028725967843
2010-01-15,-0.0201753897378
2010-01-21,0.0
2010-01-25,0.0264712012784
2010-01-27,-0.0673357372288
2010-01-28,0.056838049495
2010-02-01,0.0
2010-02-05,-0.0491303859264
2010-02-08,-0.0828475012474
2010-02-10,0.0966663564715
2010-02-11,-0.0486321890849
2010-02-12,0.0351422465103
2010-02-15,0.0484581351804
2010-02-16,0.000293962391779
2010-02-17,-0.0288409277634
2010-02-18,-0.00030260336508
2010-02-19,-0.0148515818253
2010-02-24,-0.0153860385824
2010-03-01,0.0312495805651
2010-03-04,0.0
2010-03-05,-0.0151496910517
2010-03-08,0.0
2010-03-09,-0.0273856289047
2010-03-10,0.00126703534111
2010-03-11,0.0110564151974
2010-03-12,0.0156264680223
2010-03-15,0.0
2010-03-16,-0.00307919002765
2010-03-17,0.00308870072412
2010-03-18,-0.0230774059476
2010-03-19,0.0
2010-03-22,0.0299196461183
2010-03-23,0.0
2010-03-24,-0.000305379606553
2010-03-25,-0.0211071914231
2010-03-26,0.0
2010-03-29,0.0
2010-03-30,0.0
2010-03-31,0.0124991611301
2010-04-01,0.0
2010-04-06,0.00308870072412
2010-04-07,0.0
2010-04-08,0.0153827347304
2010-04-09,0.0
2010-04-12,0.0
2010-04-13,0.0
2010-04-14,0.0
2010-04-15,0.0
2010-04-16,0.0
2010-04-19,0.0
2010-04-20,-0.0212115197522
2010-04-21,0.0
2010-04-22,0.0
2010-04-23,0.0
2010-04-26,-0.00928813153643
2010-04-27,0.0124991611301
2010-04-28,0.0
2010-04-29,0.0185189481184
2010-04-30,0.0
2010-05-03,-0.0303026359031
2010-05-04,0.0156264680223
2010-05-05,-0.067692622829
2010-05-06,-0.00990120061803
2010-05-07,0.0
2010-05-10,0.0
2010-05-11,0.0
2010-05-12,0.0
2010-05-14,-0.03333285611
2010-05-17,0.00344711401394
2010-05-18,0.013744778829
2010-05-19,-0.0169471166971
2010-05-20,0.0
2010-05-21,-0.0996552885986
2010-05-24,0.110685704416
2010-05-25,-0.0344822479182
2010-05-26,0.0
2010-05-27,0.0514288563014
2010-05-28,-0.0149464400994
2010-05-31,0.0172392726626
2010-06-01,0.0
2010-06-02,0.0
2010-06-03,-0.0169471166971
2010-06-04,0.0
2010-06-07,0.0
2010-06-08,0.0
2010-06-09,0.0172392726626
2010-06-10,0.0
2010-06-11,-0.054237325151
2010-06-14,0.00358687787681
2010-06-15,0.0321396797153
2010-06-16,0.0
2010-06-17,0.0
2010-06-18,0.0
2010-06-21,0.0
2010-06-22,0.0
2010-06-23,-0.0346016518731
2010-06-24,0.0
2010-06-28,0.00179343893841
2010-06-29,0.0
2010-06-30,0.0
2010-07-01,0.0
2010-07-02,0.0
2010-07-05,0.0
2010-07-06,0.0
2010-07-07,0.0
2010-07-08,0.0
2010-07-09,-0.00179022827331
2010-07-12,0.0
2010-07-13,-0.0322549608214
2010-07-14,0.0
2010-07-15,-0.018520212364
2010-07-16,0.0528286290813
2010-07-19,0.0
2010-07-20,0.0
2010-07-21,0.0
2010-07-22,-0.014335965763
2010-07-23,0.0
2010-07-26,0.0
2010-07-27,0.0
2010-07-28,0.0
2010-07-29,0.0
2010-07-30,-0.0036351425749
2010-08-02,0.0583940747707
2010-08-03,0.0172392726626
2010-08-04,0.0
2010-08-05,0.0
2010-08-06,-0.0169471166971
2010-08-09,-0.0551723371877
2010-08-10,0.00364840504742
2010-08-11,0.0181835219885
2010-08-12,-0.0214290096944
2010-08-13,0.0583940747707
2010-08-16,0.0
2010-08-17,-0.0344822479182
2010-08-18,-0.0178587863542
2010-08-19,0.0
2010-08-20,0.0
2010-08-23,0.0
2010-08-24,0.0
2010-08-25,0.0
2010-08-26,-0.00181952356595
2010-08-27,0.0
2010-08-30,0.00182284026678
2010-08-31,0.0545466614085
2010-09-01,0.0
2010-09-02,0.0
2010-09-03,-0.033793565634
2010-09-06,0.0349755129256
2010-09-07,-0.0172429752556
2010-09-08,0.0350872566158
2010-09-09,0.0
2010-09-10,0.0
2010-09-13,-0.0338978732388
2010-09-14,0.0
2010-09-15,0.0175455120863
2010-09-16,0.0
2010-09-17,0.0
2010-09-20,0.0
2010-09-21,0.0
2010-09-22,0.0
2010-09-23,0.0
2010-09-24,0.0
2010-09-27,0.0
2010-09-28,0.0
2010-09-29,-0.0103450446348
2010-09-30,-0.00697003595386
2010-10-01,0.0
2010-10-04,0.0
2010-10-05,0.0
2010-10-06,0.0175455120863
2010-10-07,0.0
2010-10-08,0.0
2010-10-11,-0.0172429752556
2010-10-12,0.0
2010-10-13,0.0452634275725
2010-10-14,0.0
2010-10-15,-0.0433033686806
2010-10-18,0.0526327687022
2010-10-19,0.0
2010-10-20,-0.0500010737525
2010-10-21,0.0175455120863
2010-10-22,0.0
2010-10-25,-0.0241372032835
2010-10-26,0.0
2010-10-27,0.0
2010-10-28,0.0
2010-10-29,0.0247342181346
2010-11-01,-0.0172429752556
2010-11-02,0.0
2010-11-03,-0.0175417445295
2010-11-04,-0.0171455086514
2010-11-05,0.0
2010-11-08,-0.000725720550767
2010-11-09,-0.00908980871575
2010-11-10,-0.045873837097
2010-11-11,0.0365406932325
2010-11-12,0.0
2010-11-15,0.0
2010-11-16,0.0
2010-11-17,0.0
2010-11-18,-0.0337664200423
2010-11-19,0.0637488969709
2010-11-22,0.0288788792669
2010-11-23,0.0
2010-11-24,0.0
2010-11-25,0.0
2010-11-26,0.0
2010-11-29,0.0
2010-11-30,0.0
2010-12-01,0.0
2010-12-02,0.0
2010-12-03,0.0
2010-12-07,0.0
2010-12-08,0.0
2010-12-09,-0.0666669178371
2010-12-10,0.0
2010-12-13,0.0
2010-12-14,0.0334599501875
2010-12-15,-0.0542032200861
2010-12-16,0.0
2010-12-17,0.0384651917684
2010-12-20,-0.018520212364
2010-12-21,0.0377353139004
2010-12-22,0.0356368918164
2010-12-23,0.000350628492147
2010-12-27,-0.0277276307706
2010-12-28,0.026711994232
2010-12-29,-0.0506295660053
2010-12-30,0.0925891312561
2011-01-03,0.0
2011-01-04,0.0271204824978
2011-01-07,0.0
2011-01-13,-0.0264043828937
2011-01-14,0.0433905880897
2011-01-17,-0.0412617125634
2011-01-19,-0.0037259396718
2011-01-26,-0.0136045229104
2011-01-27,-0.0172429752556
2011-01-28,0.0168447465188
2011-01-31,0.0172511532263
2011-02-01,-0.0169585978561
2011-02-02,-0.00172659738046
2011-02-03,-0.00103923482624
2011-02-07,0.0
2011-02-08,-0.0484415695395
2011-02-09,0.0109093322817
2011-02-10,-0.00719568953863
2011-02-11,0.0181176617051
2011-02-14,-0.0195721038292
2011-02-15,0.0
2011-02-16,0.0
2011-02-17,-0.00181621891284
2011-02-18,0.0
2011-02-21,0.0152746270172
2011-02-22,-0.0508608853832
2011-02-23,0.0188696828986
2011-02-24,-0.0259290926806
2011-02-25,0.12053401923
2011-02-28,0.0142499034461
2011-03-01,-0.0331215041905
2011-03-02,-0.0397920854248
2011-03-04,-0.0270237851098
2011-03-07,-0.0259290926806
2011-03-08,-0.00380100843081
2011-03-09,0.0
2011-03-11,0.00763512073573
2011-03-14,-0.030305002298
2011-03-15,0.030467753842
2011-03-16,-0.00303239986975
2011-03-22,0.00304162328781
2011-03-23,-0.0333563985672
2011-03-24,0.0345074425753
2011-03-25,-0.0144049169652
2011-03-28,0.0
2011-03-29,-0.0384610619432
2011-03-31,0.0200018898071
2011-04-01,0.0196054487652
2011-04-06,-0.00961423302952
2011-04-07,0.00970756381014
2011-04-08,0.0
2011-04-13,0.0
2011-04-19,0.0192325958842
2011-04-21,-0.00188818385886
2011-04-27,-0.0170136238897
2011-04-28,0.0
2011-04-29,0.0
2011-05-02,0.0
2011-05-03,0.0707728141868
2011-05-04,-0.030172247549
2011-05-06,0.0
2011-05-10,0.0
2011-05-13,0.0370364478734
2011-05-17,-0.000356638851393
2011-05-19,-0.0675246955021
2011-05-24,-0.00306492288325
2011-05-25,0.00153510943845
2011-05-26,-0.00153275648949
2011-05-27,0.0176785183718
2011-05-30,-0.0373866640715
2011-06-07,-0.0564930578958
2011-06-09,0.000415213790455
2011-06-10,0.0182886010871
2011-06-15,-0.0183677225952
2011-06-16,0.0394988860662
2011-06-20,0.00160204099163
2011-06-21,-0.0395367086762
2011-06-22,0.0
2011-06-29,0.0777521307611
2011-06-30,0.00231569702895
2011-07-01,0.0
2011-07-04,0.0
2011-07-05,-0.0735178028972
2011-07-06,-0.00041486927157
2011-07-07,0.0
2011-07-08,0.0
2011-07-12,0.0361576979034
2011-07-13,-0.0172455378678
2011-07-18,-0.00816489315078
2011-07-20,-0.0905355067629
2011-07-25,0.0633514721601
2011-07-26,-0.0531940655856
2011-07-29,-0.00494167949541
2011-08-01,0.0343270625094
2011-08-02,-0.0305714325905
2011-08-04,-0.0454943386005
2011-08-05,-0.0533279282475
2011-08-08,-0.00298681625727
2011-08-09,-0.0100019864385
2011-08-10,0.0590889370933
2011-08-12,-0.0414857447157
2011-08-16,-0.00497345000374
2011-08-18,0.05499750353
2011-08-22,-0.0758293597684
2011-08-26,0.025643425878
2011-08-29,0.0
2011-08-30,0.0
2011-08-31,-0.00450438358665
2011-09-01,-0.0155697212874
2011-09-02,-0.00408136432614
2011-09-05,0.00154022179194
2011-09-06,0.0
2011-09-08,0.0
2011-09-12,0.0
2011-09-13,0.0127861505339
2011-09-14,0.136117136659
2011-09-21,-0.209546539379
2011-09-23,0.0265700483092
2011-09-28,-0.0264705882353
2011-09-30,-0.0332326283988
2011-10-03,-0.094375
2011-10-04,-0.0786749482402
2011-10-05,-0.00823970037453
2011-10-06,0.0687311178248
2011-10-12,0.0
2011-10-14,0.0579505300353
2011-10-17,-0.00801603206413
2011-10-20,-0.0632996632997
2011-10-21,0.0244428468728
2011-10-24,0.0849122807018
2011-10-27,-0.0582147477361
2011-10-28,0.0707417582418
2011-11-01,-0.0378447722899
2011-11-03,0.0193333333333
2011-11-04,-0.00261608894702
2011-11-10,0.0
2011-11-11,-0.016393442623
2011-11-14,0.0
2011-11-15,0.0
2011-11-16,-0.000666666666667
2011-11-17,-0.0446964643095
2011-11-18,-0.00139664804469
2011-11-21,0.0
2011-11-22,0.00699300699301
2011-11-23,0.00486111111111
2011-11-24,0.0359364201797
2011-11-30,0.000667111407605
2011-12-05,-0.0333333333333
2011-12-07,-0.048275862069
2011-12-12,0.0
2011-12-14,-0.0217391304348
2011-12-15,-0.0214814814815
2011-12-16,-0.0158970476911
2011-12-19,0.0153846153846
2011-12-21,0.0681818181818
2011-12-22,0.0
2011-12-23,0.0063829787234
2011-12-29,0.0218463706836
2011-12-30,-0.0241379310345
2012-01-03,0.0600706713781
2012-01-04,0.0
2012-01-10,-0.0666666666667
2012-01-11,0.00142857142857
2012-01-12,0.00142653352354
2012-01-13,0.014245014245
2012-01-16,0.000702247191011
2012-01-17,0.0175438596491
2012-01-18,0.0344827586207
2012-01-19,0.012
2012-01-23,-0.0118577075099
2012-01-24,0.014
2012-01-26,-0.00197238658777
2012-01-27,-0.00197628458498
2012-01-30,-0.00990099009901
2012-02-01,-0.0413333333333
2012-02-03,0.0222531293463
2012-02-06,0.0204081632653
2012-02-07,0.0
2012-02-08,-0.02
2012-02-13,0.0102040816327
2012-02-14,-0.000673400673401
2012-02-16,-0.0229110512129
2012-02-20,0.0275862068966
2012-02-21,0.0
2012-02-22,-0.0302013422819
2012-02-24,-0.00346020761246
2012-02-27,0.0
2012-02-28,0.0138888888889
2012-03-01,-0.0205479452055
2012-03-05,-0.0104895104895
2012-03-06,-0.00353356890459
2012-03-07,0.0212765957447
2012-03-08,-0.0208333333333
2012-03-12,0.0212765957447
2012-03-13,0.0138888888889
2012-03-14,0.0
2012-03-15,0.00616438356164
2012-03-16,-0.0333560245065
2012-03-20,0.0
2012-03-21,0.0
2012-03-22,-0.0140845070423
2012-03-26,0.0178571428571
2012-03-28,0.00350877192982
2012-03-29,0.0
2012-03-30,-0.0034965034965
2012-04-02,-0.0175438596491
2012-04-03,0.0
2012-04-11,0.0178571428571
2012-04-16,-0.020350877193
2012-04-17,-0.0114613180516
2012-04-18,-0.00797101449275
2012-04-20,-0.0138787436085
2012-04-24,0.0
2012-04-25,0.0918518518519
2012-04-26,0.00746268656716
2012-04-30,-0.003367003367
2012-05-02,-0.00675675675676
2012-05-03,-0.034693877551
2012-05-04,-0.148696264975
2012-05-08,0.102649006623
2012-05-09,0.0
2012-05-11,0.0998498498498
2012-05-21,-0.00477815699659
2012-05-24,-0.139231824417
2012-05-29,0.000796812749004
2012-05-30,0.0031847133758
2012-05-31,-0.047619047619
2012-06-01,0.0
2012-06-05,-0.05
2012-06-11,0.00877192982456
2012-06-15,-0.0173913043478
2012-06-19,0.0176991150442
2012-06-20,0.0
2012-06-21,-0.0434782608696
2012-06-29,-0.00909090909091
2012-07-06,0.0504587155963
2012-07-10,-0.082096069869
2012-07-11,0.0894386298763
2012-07-13,0.0
2012-07-16,-0.0393013100437
2012-07-17,0.0
2012-07-18,0.0390909090909
2012-07-19,-0.0376202974628
2012-07-20,0.0
2012-07-23,0.0409090909091
2012-07-25,-0.0218340611354
2012-07-27,-0.0178571428571
2012-07-30,-0.0409090909091
2012-07-31,0.0900473933649
2012-08-01,0.0
2012-08-03,-0.0591304347826
2012-08-07,-0.00184842883549
2012-08-09,0.0953703703704
2012-08-10,0.149619611158
2012-08-13,-0.0147058823529
2012-08-15,-0.10447761194
2012-08-16,0.0
2012-08-20,-0.0616666666667
2012-08-21,-0.0408525754885
2012-08-22,0.00648148148148
2012-08-23,0.0303587856486
2012-08-27,-0.0473214285714
2012-08-28,0.0571696344892
2012-08-29,-0.0602836879433
2012-08-30,-0.0141509433962
2012-08-31,0.0
2012-09-03,-0.0105263157895
2012-09-04,0.0425531914894
2012-09-07,-0.025974025974
2012-09-10,0.00952380952381
2012-09-11,-0.0349056603774
2012-09-13,-0.0205278592375
2012-09-14,0.0289421157685
2012-09-17,-0.0223084384093
2012-09-18,0.00198412698413
2012-09-19,0.0148514851485
2012-09-21,0.0243902439024
2012-09-24,0.0
2012-09-25,-0.0466666666667
2012-09-26,0.0
2012-09-27,0.047952047952
2012-09-28,-0.0428979980934
2012-10-02,0.0258964143426
2012-10-03,0.0
2012-10-05,-0.0281553398058
2012-10-08,0.038961038961
2012-10-09,0.0
2012-10-11,-0.0163461538462
2012-10-15,0.0254154447703
2012-10-18,-0.047664442326
2012-10-19,0.031031031031
2012-10-23,0.0165048543689
2012-10-25,0.00573065902579
2012-10-26,0.000949667616334
2012-10-30,-0.00379506641366
2012-11-02,-0.0285714285714
2012-11-05,0.0
2012-11-06,0.0
2012-11-08,0.0
2012-11-09,0.0
2012-11-16,0.0
2012-11-20,0.0
2012-11-22,-0.0294117647059
2012-11-23,0.0
2012-11-27,0.0
2012-11-28,0.020202020202
2012-11-29,0.0386138613861
2012-11-30,-0.00285986653956
2012-12-04,-0.10707456979
2012-12-05,0.124197002141
2012-12-11,-0.047619047619
2012-12-12,0.049
2012-12-14,0.0
2012-12-17,-0.00381315538608
2012-12-18,0.00478468899522
2012-12-19,0.0
2012-12-20,0.0
2012-12-21,0.0047619047619
2012-12-27,0.0379146919431
2012-12-28,-0.0831050228311
2013-01-02,0.0527888446215
2013-01-03,-0.00283822138127
2013-01-10,-0.0256166982922
2013-01-11,-0.00389483933788
2013-01-14,0.0166177908113
2013-01-18,0.0
2013-01-21,0.0528846153846
2013-01-22,0.0246575342466
2013-01-23,-0.00267379679144
2013-01-24,-0.0330652368186
2013-01-25,0.0110905730129
2013-01-28,0.00639853747715
2013-01-29,-0.00817438692098
2013-01-31,0.0
2013-02-01,0.0686813186813
2013-02-04,0.0239931448158
2013-02-05,0.0460251046025
2013-02-07,-0.0592
2013-02-11,-0.00850340136054
2013-02-12,0.0720411663808
2013-02-13,-0.004
2013-02-14,0.00803212851406
2013-02-15,-0.0430278884462
2013-02-18,-0.00915903413822
2013-02-19,0.00168067226891
2013-02-20,0.0109060402685
2013-02-22,0.0780082987552
2013-02-25,0.00230946882217
2013-02-26,-0.07910906298
2013-02-27,0.000834028356964
2013-02-28,0.025
2013-03-01,0.0
2013-03-04,0.0
2013-03-08,0.00813008130081
2013-03-11,-0.00806451612903
2013-03-12,0.00406504065041
2013-03-13,-0.0283400809717
2013-03-14,0.0
2013-03-15,-0.0375
2013-03-18,0.0987012987013
2013-03-21,-0.0149724192277
2013-03-22,0.0
2013-03-26,0.0
2013-03-27,0.0
2013-03-28,0.0
2013-04-02,0.008
2013-04-03,0.0301587301587
2013-04-04,0.00154083204931
2013-04-08,-0.106923076923
2013-04-09,0.118001722653
2013-04-12,-0.00616332819723
2013-04-15,0.0
2013-04-16,0.0
2013-04-18,-0.0984496124031
2013-04-19,0.00859845227859
2013-04-22,-0.0247229326513
2013-04-23,0.0218531468531
2013-04-24,-0.00769888793841
2013-04-25,0.098275862069
2013-05-06,-0.0384615384615
2013-05-07,-0.0204081632653
2013-05-08,0.0416666666667
2013-05-10,0.016
2013-05-13,0.00787401574803
2013-05-22,-0.015625
2013-05-24,-0.101587301587
2013-05-27,0.00265017667845
2013-05-28,-0.00881057268722
2013-05-29,0.0213333333333
2013-05-30,-0.00522193211488
2013-05-31,0.00349956255468
2013-06-06,-0.0209241499564
2013-06-10,-0.0115761353517
2013-06-11,-0.0036036036036
2013-06-12,-0.0153707052441
2013-06-13,0.0
2013-06-14,-0.0137741046832
2013-06-17,-0.0130353817505
2013-06-18,-0.0188679245283
2013-06-19,0.00673076923077
2013-06-20,-0.00191021967526
2013-06-26,0.0516746411483
2013-06-27,-0.0445859872611
2013-06-28,0.0
2013-07-02,0.0190476190476
2013-07-08,0.0280373831776
2013-07-10,0.0
2013-07-15,0.0
2013-07-16,0.0818181818182
2013-07-19,-0.0672268907563
2013-07-22,-0.0540540540541
2013-07-23,0.0266666666667
2013-07-26,0.00278293135436
2013-08-01,-0.0379278445883
2013-08-02,0.0317307692308
2013-08-05,0.0251630941286
2013-08-06,0.0227272727273
2013-08-09,0.0133333333333
2013-08-13,0.0
2013-08-14,-0.0543859649123
2013-08-15,0.0185528756957
2013-08-16,0.0491803278689
2013-08-20,-0.0260416666667
2013-08-23,0.0222816399287
2013-08-26,0.00174367916303
2013-08-28,-0.00174064403829
2013-08-29,-0.0322580645161
2013-08-30,0.231531531532
2013-09-03,-0.12216532553
2013-09-04,-0.0408333333333
2013-09-05,0.120764552563
2013-09-06,0.0503875968992
2013-09-09,0.0
2013-09-10,-0.0383763837638
2013-09-11,-0.0023023791251
2013-09-12,-0.00153846153846
2013-09-16,-0.0362095531587
2013-09-17,0.0
2013-09-18,-0.0087929656275
2013-09-19,0.0322580645161
2013-09-20,-0.0265625
2013-09-23,0.0
2013-09-24,0.0152487961477
2013-09-25,0.0339920948617
2013-09-26,0.00535168195719
2013-09-27,-0.0114068441065
2013-09-30,-0.0384615384615
2013-10-01,0.04
2013-10-07,-0.0346153846154
2013-10-11,-0.00398406374502
2013-10-14,-0.004
2013-10-17,-0.0120481927711
2013-10-21,0.00325203252033
2013-10-22,-0.0680713128039
2013-10-23,0.0434782608696
2013-10-24,0.0408333333333
2013-10-25,0.00080064051241
2013-10-28,0.0
2013-10-29,-0.024
2013-10-31,0.0
2013-11-05,0.0
2013-11-11,0.0
2013-11-12,0.0245901639344
2013-11-13,-0.0696
2013-11-14,0.0412725709372
2013-11-15,-0.0313790255987
2013-11-18,0.00426257459506
2013-11-21,0.0
2013-11-22,0.018675721562
2013-11-26,-0.025
2013-11-27,0.025641025641
2013-11-28,-0.0175
2013-12-02,0.0
2013-12-03,-0.0245971162002
2013-12-04,0.0
2013-12-05,0.0304347826087
2013-12-09,0.00084388185654
2013-12-10,-0.00674536256324
2013-12-11,-0.0152801358234
2013-12-16,-0.0172413793103
2013-12-17,-0.00175438596491
2013-12-18,-0.0298769771529
2013-12-19,-0.0126811594203
2013-12-20,-0.0321100917431
2013-12-23,0.0322274881517
2013-12-27,-0.00734618916437
2013-12-30,0.00647548566142
2014-01-02,-0.0165441176471
2014-01-03,0.0
2014-01-07,0.0196261682243
2014-01-09,-0.0412465627864
2014-01-10,0.108986615679
2014-01-13,-0.00862068965517
2014-01-15,-0.00608695652174
2014-01-16,-0.0376202974628
2014-01-17,0.0
2014-01-21,-0.00909090909091
2014-01-24,-0.045871559633
2014-01-27,0.00961538461538
2014-01-28,0.0371428571429
2014-01-30,-0.0376492194674
2014-01-31,0.00190839694656
2014-02-03,0.0
2014-02-04,-0.0047619047619
2014-02-05,0.0
2014-02-06,0.0143540669856
2014-02-10,-0.0160377358491
2014-02-11,-0.000958772770853
2014-02-12,-0.021113243762
2014-02-14,0.00980392156863
2014-02-17,0.0
2014-02-21,0.0
2014-02-25,0.0572815533981
2014-02-26,-0.00826446280992
2014-02-27,0.0
2014-02-28,-0.0583333333333
2014-03-03,0.0127826941986
2014-03-04,0.0
2014-03-05,0.0
2014-03-07,0.0446601941748
2014-03-10,-0.00185873605948
2014-03-11,-0.0223463687151
2014-03-12,-0.0228571428571
2014-03-13,0.0
2014-03-14,0.0487329434698
2014-03-17,-0.0539033457249
2014-03-18,0.00196463654224
2014-03-24,0.0392156862745
2014-03-25,-0.00943396226415
2014-03-26,0.0
2014-03-27,-0.0247619047619
2014-04-01,0.001953125
2014-04-03,0.0331384015595
2014-04-07,-0.00943396226415
2014-04-08,-0.0333333333333
2014-04-11,-0.0147783251232
2014-04-14,0.0
2014-04-15,0.05
2014-04-16,0.0
2014-04-17,-0.047619047619
2014-04-23,0.05
2014-04-24,0.0
2014-04-25,0.0
2014-04-30,0.047619047619
2014-05-05,0.0
2014-05-06,0.0
2014-05-07,-0.0181818181818
2014-05-09,0.0138888888889
2014-05-13,0.0
2014-05-16,0.0
2014-05-20,0.00456621004566
2014-05-21,0.0
2014-05-22,-0.0363636363636
2014-05-23,0.0
2014-05-26,0.0235849056604
2014-05-27,0.00921658986175
2014-05-28,0.0
2014-05-30,0.0
2014-06-03,0.0
2014-06-06,0.0
2014-06-09,0.00182648401826
2014-06-10,0.0
2014-06-11,-0.00182315405652
2014-06-13,0.0
2014-06-16,0.0
2014-06-17,-0.0593607305936
2014-06-18,0.0203883495146
2014-06-23,-0.000951474785918
2014-06-24,0.0190476190476
2014-06-30,-0.0401869158879
2014-07-03,0.0126582278481
2014-07-04,-0.0240384615385
2014-07-07,0.00492610837438
2014-07-09,0.00588235294118
2014-07-10,0.169590643275
2014-07-11,-0.0833333333333
2014-07-14,0.0
2014-07-15,0.0345454545455
2014-07-16,0.00966608084359
2014-07-17,0.000870322019147
2014-07-18,0.0121739130435
2014-07-21,-0.0137457044674
2014-07-22,0.00609756097561
2014-07-24,0.004329004329
2014-07-25,0.0172413793103
2014-07-28,0.0372881355932
2014-07-29,-0.000816993464052
2014-07-30,0.0
2014-07-31,-0.00245298446443
2014-08-01,0.0
2014-08-04,0.0
2014-08-05,0.0
2014-08-07,-0.0245901639344
2014-08-11,0.0
2014-08-12,-0.0126050420168
2014-08-13,0.0
2014-08-14,-0.0595744680851
2014-08-15,-0.00904977375566
2014-08-18,-0.00456621004566
2014-08-19,0.000917431192661
2014-08-21,-0.000916590284143
2014-08-22,0.0
2014-08-25,0.00917431192661
2014-08-26,0.0436363636364
2014-08-27,-0.0496515679443
2014-08-28,0.00366636113657
2014-08-29,0.0
2014-09-01,0.0
2014-09-03,-0.0365296803653
2014-09-08,-0.000947867298578
2014-09-11,0.00569259962049
2014-09-12,-0.00943396226415
2014-09-15,-0.0352380952381
2014-09-16,0.0848963474827
2014-09-17,-0.0655141037307
2014-09-22,0.0408958130477
2014-09-23,-0.0392890551918
2014-09-25,0.00486854917235
2014-09-26,0.0174418604651
2014-09-29,0.0
2014-09-30,0.0780952380952
2014-10-01,-0.071554770318
2014-10-03,-0.0390104662226
2014-10-06,-0.0049504950495
2014-10-07,0.00597014925373
2014-10-08,0.00395647873393
2014-10-10,-0.0147783251232
2014-10-13,0.0
2014-10-14,0.001
2014-10-15,-0.000999000999001
2014-10-16,0.0
2014-10-21,0.049
2014-10-22,-0.0276453765491
2014-10-23,0.0
2014-10-24,0.0294117647059
2014-10-27,0.0
2014-10-28,0.047619047619
2014-10-29,0.0363636363636
2014-10-30,-0.0780701754386
2014-10-31,0.00380589914367
2014-11-03,0.0900473933649
2014-11-04,-0.0539130434783
2014-11-05,0.00183823529412
2014-11-06,0.045871559633
2014-11-07,0.00526315789474
2014-11-10,-0.0479930191972
2014-11-12,-0.000916590284143
2014-11-13,0.0
2014-11-18,0.0
2014-11-19,0.0
2014-11-20,0.0
2014-11-21,0.0183486238532
2014-11-24,-0.0153153153153
2014-11-25,0.0064043915828
2014-11-26,-0.00909090909091
2014-12-02,0.0357798165138
2014-12-03,-0.00177147918512
2014-12-04,0.00266193433895
2014-12-08,0.0
2014-12-09,-0.000884955752213
2014-12-10,0.00088573959256
2014-12-11,-0.0185840707965
2014-12-12,0.0189359783589
2014-12-15,-0.0256637168142
2014-12-16,-0.000908265213442
2014-12-17,0.0
2014-12-18,0.0172727272727
2014-12-19,-0.0169794459339
2014-12-22,0.0245454545455
2014-12-29,-0.0221827861579
2014-12-30,0.0226860254083
2015-01-05,0.0
2015-01-07,0.00266193433895
2015-01-08,0.00973451327434
2015-01-09,0.0254163014899
2015-01-12,0.0
2015-01-13,0.000854700854701
2015-01-14,0.067463706234
2015-01-15,-0.032
2015-01-16,-0.0570247933884
2015-01-19,0.0578439964943
2015-01-20,0.076222038111
2015-01-21,-0.022324865281
2015-01-22,-0.00393700787402
2015-01-23,0.0
2015-01-26,0.0197628458498
2015-01-27,-0.0581395348837
2015-01-29,0.0255144032922
2015-01-30,0.0
2015-02-02,0.00321027287319
2015-02-03,-0.0208
2015-02-04,0.0212418300654
2015-02-05,0.0
2015-02-06,-0.0184
2015-02-09,0.0513447432763
2015-02-10,-0.0077519379845
2015-02-11,0.0234375
2015-02-12,0.0358778625954
2015-02-13,0.0191599115696
2015-02-16,0.00144613159798
2015-02-17,0.0469314079422
2015-02-18,0.0
2015-02-19,-0.00965517241379
2015-02-20,0.0229805013928
2015-02-23,0.0
2015-02-24,0.0074880871341
2015-02-25,-0.0331081081081
2015-02-26,0.000698812019567
2015-02-27,0.00209497206704
2015-03-03,0.0362369337979
2015-03-04,0.00134498991258
2015-03-05,-0.000671591672263
2015-03-09,-0.0322580645161
2015-03-10,0.0
2015-03-13,-0.0104166666667
2015-03-16,0.0
2015-03-17,0.0
2015-03-18,0.00982456140351
2015-03-20,0.00625434329395
2015-03-23,-0.0290055248619
2015-03-24,0.0099573257468
2015-03-26,0.0281690140845
2015-03-27,-0.00684931506849
2015-03-30,0.0344827586207
2015-03-31,0.00666666666667
2015-04-02,0.035761589404
2015-04-07,-0.00895140664962
2015-04-08,0.00967741935484
2015-04-09,-0.0223642172524
2015-04-10,0.0359477124183
2015-04-14,0.0403785488959
2015-04-15,-0.000606428138265
2015-04-20,-0.0898058252427
2015-04-21,0.0
2015-04-22,0.0
2015-04-23,0.0333333333333
2015-04-24,0.0
2015-04-27,-0.0322580645161
2015-04-28,0.096
2015-04-29,-0.0176399026764
2015-04-30,0.0216718266254
2015-05-04,0.0030303030303
2015-05-05,-0.033836858006
2015-05-06,0.0193871169481
2015-05-07,-0.0306748466258
2015-05-08,0.00696202531646
2015-05-11,0.0100565681961
2015-05-12,-0.00435594275047
2015-05-13,0.01875
2015-05-18,0.00981595092025
2015-05-19,0.0176184690158
2015-05-21,-0.00537313432836
2015-05-22,0.0144057623049
2015-05-27,0.0
2015-05-28,0.0
2015-05-29,-0.0355029585799
2015-06-01,0.00306748466258
2015-06-02,0.00917431192661
2015-06-03,0.0
2015-06-04,-0.00606060606061
2015-06-05,-0.0182926829268
2015-06-08,0.0434782608696
2015-06-09,-0.0595238095238
2015-06-10,0.0126582278481
2015-06-11,0.0
2015-06-15,0.00125
2015-06-16,0.0305867665418
2015-06-18,-0.0514839491217
2015-06-22,0.0280970625798
2015-06-23,0.0
2015-06-26,-0.0248447204969
2015-06-29,-0.012101910828
2015-06-30,-0.000644745325596
2015-07-01,0.000645161290323
2015-07-03,0.00580270793037
2015-07-06,0.0
2015-07-08,0.00128205128205
2015-07-10,0.056338028169
2015-07-13,0.0418181818182
2015-07-14,0.0500290866783
2015-07-15,0.0797783933518
2015-07-16,0.000513083632632
2015-07-20,-0.0984615384615
2015-07-21,-0.00398179749716
2015-07-23,0.0177041690463
2015-07-27,0.010101010101
2015-07-28,-0.00722222222222
2015-07-30,-0.00671516508114
2015-07-31,-0.0422535211268
2015-08-03,0.000588235294118
2015-08-05,0.0199882422105
2015-08-07,0.0893371757925
2015-08-10,-0.0634920634921
2015-08-11,0.0728813559322
2015-08-12,-0.0721432332807
2015-08-14,0.00340522133939
2015-08-17,0.0441176470588
2015-08-18,-0.0303358613218
2015-08-19,0.0
2015-08-21,-0.0111731843575
2015-08-24,-0.0254237288136
2015-08-25,0.0
2015-08-26,0.0
2015-08-27,0.0
2015-08-28,0.0446376811594
2015-08-31,-0.042730299667
2015-09-01,0.0
2015-09-02,0.0284057971014
2015-09-03,0.011273957159
2015-09-04,-0.00111482720178
2015-09-07,0.00390625
2015-09-08,-0.0383546414675
2015-09-09,0.00115606936416
2015-09-14,0.0109699769053
2015-09-15,0.0839520274129
2015-09-16,-0.0753424657534
2015-09-17,0.00683760683761
2015-09-18,-0.0124504810413
2015-09-21,-0.010888252149
2015-09-22,0.00811123986095
2015-09-23,-0.0454022988506
2015-09-24,0.00240818783865
2015-09-30,0.0498498498498
2015-10-01,-0.0383295194508
2015-10-05,0.0261748958953
2015-10-06,0.00869565217391
2015-10-07,0.0
2015-10-09,-0.00632183908046
2015-10-12,0.0277617119722
2015-10-13,-0.0371412492966
2015-10-14,-0.00175336060783
2015-10-15,0.0245901639344
2015-10-16,0.0
2015-10-19,0.0
2015-10-21,-0.0291428571429
2015-10-22,0.00353148911124
2015-10-26,0.00879765395894
2015-10-27,-0.0116279069767
2015-10-28,-0.00588235294118
2015-11-02,0.0100591715976
2015-11-03,-0.00410076157001
2015-11-04,0.0235294117647
2015-11-06,-0.0229885057471
2015-11-09,0.0
2015-11-10,-0.0170588235294
2015-11-12,0.00239377618193
2015-11-13,0.0149253731343
2015-11-17,-0.000588235294118
2015-11-18,0.00058858151854
2015-11-19,0.0
2015-11-23,-0.00588235294118
2015-11-24,-0.0408284023669
2015-11-25,0.024059222702
2015-11-26,-0.0132530120482
2015-11-30,-0.00732600732601
2015-12-01,-0.000615006150062
2015-12-03,0.0276923076923
2015-12-07,0.0119760479042
2015-12-09,0.0
2015-12-10,-0.0408284023669
2015-12-11,0.0117211597779
2015-12-14,-0.0115853658537
2015-12-15,0.0
2015-12-16,-0.0129549660703
2015-12-17,0.01875
2015-12-18,0.0122699386503
2015-12-21,0.000606060606061
2015-12-22,-0.000605693519079
2015-12-28,0.0
2015-12-30,-0.00606060606061
2016-01-04,-0.0243902439024
2016-01-05,0.0275
2016-01-07,-0.0267639902676
2016-01-08,0.0
2016-01-13,0.0
2016-01-14,0.0
2016-01-15,0.0
2016-01-18,-0.0225
2016-01-19,-0.0076726342711
2016-01-20,0.00837628865979
2016-01-25,-0.00958466453674
2016-01-28,0.0161290322581
2016-01-29,0.0
2016-02-01,-0.0355555555556
2016-02-04,0.00724160631995
2016-02-05,0.00130718954248
2016-02-08,-0.0332898172324
2016-02-09,-0.00067521944632
2016-02-10,0.00337837837838
2016-02-11,0.047138047138
2016-02-12,-0.0424437299035
2016-02-15,0.0241773002015
2016-02-16,-0.016393442623
2016-02-18,0.028
2016-02-22,-0.00064850843061
2016-02-23,-0.00064892926671
2016-02-25,0.0383116883117
2016-02-26,-0.0312695434647
2016-02-29,0.000645577792124
2016-03-02,-0.0161290322581
2016-03-04,-0.0131147540984
2016-03-07,0.0046511627907
2016-03-08,0.00529100529101
2016-03-09,-0.00197368421053
2016-03-10,0.00329597890574
2016-03-11,-0.00328515111695
2016-03-15,0.000659195781147
2016-03-16,0.00329380764163
2016-03-21,0.0630334865397
2016-03-23,-0.000617665225448
2016-03-29,0.0
2016-03-30,-0.0111248454883
2016-03-31,0.011875
2016-04-01,-0.012353304509
2016-04-04,-0.0437773608505
2016-04-05,-0.0189666448659
2016-04-06,-0.0113333333333
2016-04-07,0.0708024275118
2016-04-08,0.0
2016-04-11,0.0
2016-04-13,-0.0415617128463
2016-04-14,0.0183968462549
2016-04-15,-0.0322580645161
2016-04-18,0.0266666666667
2016-04-19,0.0
2016-04-20,-0.000649350649351
2016-04-21,0.0
2016-04-22,-0.0298895386615
2016-04-25,0.0368385800402
2016-04-27,-0.0277777777778
2016-04-28,-0.00332225913621
2016-04-29,0.0
2016-05-02,0.0
2016-05-03,0.0
2016-05-04,0.0
2016-05-06,0.00666666666667
2016-05-09,-0.0158940397351
2016-05-10,0.00942126514132
2016-05-16,0.0193333333333
2016-05-18,0.0
2016-05-19,-0.0353172007848
2016-05-20,0.0366101694915
2016-05-24,-0.0385873119686
2016-05-25,0.0510204081633
2016-05-26,-0.00970873786408
2016-05-31,-0.0359477124183
2016-06-01,0.0366101694915
2016-06-02,-0.0379332897319
2016-06-03,0.000679809653297
2016-06-06,0.0
2016-06-07,0.0122282608696
2016-06-08,0.00604026845638
2016-06-09,-0.0186791194129
2016-06-10,-0.000679809653297
2016-06-13,-0.0149659863946
2016-06-14,0.0
2016-06-15,-0.0172651933702
2016-06-17,0.0189739985945
2016-06-20,-0.0186206896552
2016-06-21,0.0175685172171
2016-06-22,-0.0317679558011
2016-06-23,0.0235378031384
2016-06-27,-0.0383275261324
2016-06-28,0.0
2016-06-29,0.000724637681159
2016-06-30,0.00362056480811
2016-07-01,-0.00721500721501
2016-07-04,0.00218023255814
2016-07-05,0.000725163161711
2016-07-06,0.0289855072464
2016-07-07,-0.00352112676056
2016-07-08,0.00706713780919
2016-07-15,0.0
2016-07-18,0.0168421052632
2016-07-19,0.000690131124914
2016-07-20,0.0
2016-07-21,-0.06
2016-07-22,0.0234776228907
2016-07-25,0.00215053763441
2016-07-26,0.00143061516452
2016-07-27,-0.000714285714286
2016-07-28,-0.000714796283059
2016-07-29,0.0
2016-08-01,-0.00858369098712
2016-08-02,-0.017316017316
2016-08-03,0.0139500734214
2016-08-04,0.0
2016-08-05,0.0448950036206
2016-08-08,0.001386001386
2016-08-09,-0.0083044982699
2016-08-10,0.0
2016-08-12,-0.00279134682484
2016-08-16,0.00209937018894
2016-08-18,-0.00139664804469
2016-08-19,0.013986013986
2016-08-22,0.0
2016-08-23,-0.00137931034483
2016-08-24,-0.00207182320442
2016-08-25,-0.0249134948097
2016-08-26,0.0106458481192
2016-08-29,-0.00210674157303
2016-08-30,0.0168895144265
2016-08-31,-0.000692041522491
2016-09-01,-0.0117728531856
2016-09-02,-0.0147161878066
2016-09-05,0.0135135135135
2016-09-06,0.0
2016-09-07,0.0
2016-09-08,0.0
2016-09-09,-0.0252631578947
2016-09-12,-0.0129589632829
2016-09-13,0.0284463894967
2016-09-15,-0.00709219858156
2016-09-16,0.0
2016-09-21,-0.00357142857143
2016-09-22,-0.010752688172
2016-09-23,0.0217391304348
2016-09-26,-0.00709219858156
2016-09-27,0.0264285714286
2016-09-29,-0.0187891440501
2016-09-30,0.0
2016-10-03,0.00354609929078
2016-10-04,-0.0113074204947
2016-10-05,0.0
2016-10-06,-0.00643316654753
2016-10-07,0.00575539568345
2016-10-10,0.00143061516452
2016-10-11,0.0135714285714
2016-10-12,-0.0204369274137
2016-10-13,-0.00359712230216
2016-10-14,-0.0180505415162
2016-10-17,0.0257352941176
2016-10-18,-0.0207885304659
2016-10-20,0.0387994143485
2016-10-24,-0.0133897110641
2016-10-25,-0.0178571428571
2016-10-27,0.00872727272727
2016-10-28,-0.0165825522711
2016-11-01,-0.0102639296188
2016-11-02,0.0281481481481
2016-11-03,0.0
2016-11-04,-0.000720461095101
2016-11-07,-0.00504686373468
2016-11-08,0.0
2016-11-09,0.0
2016-11-10,-0.00144927536232
2016-11-15,-0.0145137880987
2016-11-16,-0.019145802651
2016-11-17,0.0503003003003
2016-11-18,-0.00142959256612
2016-11-21,-0.0050107372942
2016-11-23,-0.00719424460432
2016-11-28,0.0
2016-11-30,0.0
2016-12-01,0.0144927536232
2016-12-02,-0.05
2016-12-05,0.00827067669173
2016-12-07,0.020879940343
2016-12-08,0.0423666910153
2016-12-09,-0.000700770847933
2016-12-12,0.00210378681627
2016-12-13,0.0
2016-12-14,-0.0272918124563
2016-12-16,0.0
2016-12-19,0.00719424460432
2016-12-20,0.0
2016-12-22,0.0
2016-12-23,0.0142857142857
2016-12-27,0.00704225352113
2016-12-28,0.0902097902098
2016-12-29,-0.048749198204
2016-12-30,0.000674308833446
2017-01-02,0.0188679245283
2017-01-03,0.00925925925926
2017-01-04,-0.0144167758847
2017-01-05,0.0093085106383
2017-01-09,0.0111989459816
2017-01-10,0.0
2017-01-11,0.00325732899023
