,Date,Yeald
1,2004-06-24,0.0118014578271
2,2004-06-25,0.011320754717
3,2004-06-28,0.0
4,2004-06-29,0.0152645861601
5,2004-06-30,-0.0100233879051
6,2004-07-01,0.00438744515694
7,2004-07-02,-0.00100806451613
8,2004-07-05,-0.00134544231416
9,2004-07-06,-0.00303132367801
10,2004-07-07,-0.00472972972973
11,2004-07-08,-0.0020366598778
12,2004-07-09,-0.00680272108844
13,2004-07-12,-0.00890410958904
14,2004-07-13,0.00691085003455
15,2004-07-14,-0.00480439258751
16,2004-07-15,-0.00689655172414
17,2004-07-16,0.00173611111111
18,2004-07-19,-0.0169844020797
19,2004-07-20,0.00634696755994
20,2004-07-21,0.0
21,2004-07-22,-0.00280308339173
22,2004-07-23,0.00175685172171
23,2004-07-26,-0.00210452472817
24,2004-07-27,0.0105448154657
25,2004-07-28,-0.00869565217391
26,2004-07-29,0.0122807017544
27,2004-07-30,-0.0051993067591
28,2004-08-02,0.00522648083624
29,2004-08-03,0.00173310225303
30,2004-08-04,-0.00346020761246
31,2004-08-05,0.0
32,2004-08-06,-0.00868055555556
33,2004-08-09,-0.0192644483363
34,2004-08-10,0.000714285714286
35,2004-08-11,-0.00249821556031
36,2004-08-12,0.008228980322
37,2004-08-13,0.0106458481192
38,2004-08-16,0.00912921348315
39,2004-08-17,0.00730688935282
40,2004-08-18,0.0
41,2004-08-19,0.0
42,2004-08-20,0.00172711571675
43,2004-08-23,0.00344827586207
44,2004-08-24,-0.00515463917526
45,2004-08-25,-0.00241796200345
46,2004-08-26,0.00242382271468
47,2004-08-27,0.00345423143351
48,2004-08-30,0.00103270223752
49,2004-08-31,0.000687757909216
50,2004-09-01,-0.00584192439863
51,2004-09-02,0.00241963359834
52,2004-09-03,-0.0051724137931
53,2004-09-06,0.01143847487
54,2004-09-07,0.0178204249486
55,2004-09-08,0.013468013468
56,2004-09-09,-0.00332225913621
57,2004-09-10,0.0
58,2004-09-13,-0.00333333333333
59,2004-09-14,0.00501672240803
60,2004-09-15,0.018302828619
61,2004-09-16,0.0147058823529
62,2004-09-17,-0.000322061191626
63,2004-09-20,-0.00837628865979
64,2004-09-21,0.00877192982456
65,2004-09-22,-0.000644122383253
66,2004-09-23,-0.00580083789881
67,2004-09-24,-0.0032414910859
68,2004-09-27,0.000325203252033
69,2004-09-28,0.0113784135241
70,2004-09-29,0.00482160077146
71,2004-09-30,0.00319897632758
72,2004-10-01,0.0188137755102
73,2004-10-04,0.00312989045383
74,2004-10-05,-0.00780031201248
75,2004-10-06,0.00314465408805
76,2004-10-07,-0.00313479623824
77,2004-10-08,0.00314465408805
78,2004-10-11,0.0
79,2004-10-12,0.0
80,2004-10-13,0.00626959247649
81,2004-10-14,-0.00778816199377
82,2004-10-15,-0.0141287284144
83,2004-10-18,-0.0238853503185
84,2004-10-19,0.021207177814
85,2004-10-20,0.00798722044728
86,2004-10-21,-0.00475435816165
87,2004-10-22,-0.0031847133758
88,2004-10-25,-0.0127795527157
89,2004-10-26,0.00323624595469
90,2004-10-27,0.00967741935484
91,2004-10-28,-0.00223642172524
92,2004-10-29,-0.00256163944925
93,2004-11-01,0.00642054574639
94,2004-11-02,0.00159489633174
95,2004-11-03,0.0175159235669
96,2004-11-04,0.00907668231612
97,2004-11-05,0.0142679900744
98,2004-11-08,0.0
99,2004-11-09,0.00917431192661
100,2004-11-10,0.019696969697
101,2004-11-11,-0.0193164933135
102,2004-11-12,-0.00909090909091
103,2004-11-15,0.00917431192661
104,2004-11-16,-0.00787878787879
105,2004-11-17,0.0232131948687
106,2004-11-18,-0.00298507462687
107,2004-11-19,-0.00149700598802
108,2004-11-22,-0.0167916041979
109,2004-11-23,0.0125038121378
110,2004-11-24,0.0111445783133
111,2004-11-25,0.00685135537682
112,2004-11-26,-0.00147928994083
113,2004-11-29,0.00237037037037
114,2004-11-30,-0.000886786875554
115,2004-12-01,-0.00887573964497
116,2004-12-02,0.0
117,2004-12-03,-0.00149253731343
118,2004-12-06,-0.00747384155456
119,2004-12-07,0.00753012048193
120,2004-12-08,0.00627802690583
121,2004-12-09,-0.0136660724896
122,2004-12-10,-0.00903614457831
123,2004-12-13,-0.000303951367781
124,2004-12-14,-0.00912131346914
125,2004-12-15,-0.0181037127953
126,2004-12-16,0.0125
127,2004-12-17,-0.00802469135802
128,2004-12-20,0.00031113876789
129,2004-12-21,-0.000622083981337
130,2004-12-22,0.00373482726424
131,2004-12-23,-0.0015503875969
132,2004-12-27,0.00931677018634
133,2004-12-28,-0.00307692307692
134,2004-12-29,0.0
135,2004-12-30,0.00308641975309
136,2005-01-03,0.00615384615385
137,2005-01-04,0.00764525993884
138,2005-01-05,0.0182094081942
139,2005-01-06,0.00894187779434
140,2005-01-07,-0.00590841949778
141,2005-01-10,0.00594353640416
142,2005-01-11,-0.00886262924668
143,2005-01-12,-0.0104321907601
144,2005-01-13,0.00150602409639
145,2005-01-14,-0.0015037593985
146,2005-01-17,0.00150602409639
147,2005-01-18,-0.00601503759399
148,2005-01-19,-0.00937972768533
149,2005-01-20,0.000610873549175
150,2005-01-21,0.00854700854701
151,2005-01-24,-0.00605326876513
152,2005-01-25,0.018574908648
153,2005-01-26,0.0050822122571
154,2005-01-27,0.00237953599048
155,2005-01-28,0.00296735905044
156,2005-01-31,0.0165680473373
157,2005-02-01,0.0168800931315
158,2005-02-02,0.0117344018317
159,2005-02-03,0.000848656294201
160,2005-02-04,0.00197851893725
161,2005-02-07,0.000564174894217
162,2005-02-08,0.0107132788272
163,2005-02-09,0.0125523012552
164,2005-02-10,-0.00826446280992
165,2005-02-11,-0.00277777777778
166,2005-02-14,-0.00139275766017
167,2005-02-15,0.0047419804742
168,2005-02-16,0.00360910605219
169,2005-02-17,0.00470262793914
170,2005-02-18,0.00468061674009
171,2005-02-21,-0.00274047684297
172,2005-02-22,-0.0233580654026
173,2005-02-23,-0.00956668542487
174,2005-02-24,0.00965909090909
175,2005-02-25,0.0118176702307
176,2005-02-28,-0.00027808676307
177,2005-03-01,-0.00139082058414
178,2005-03-02,-0.0153203342618
179,2005-03-03,0.00792079207921
180,2005-03-04,0.00589390962672
181,2005-03-07,-0.0159040178571
182,2005-03-08,-0.00935639353558
183,2005-03-09,-0.0157412707499
184,2005-03-10,0.0104681593486
185,2005-03-11,-0.0132374100719
186,2005-03-14,0.0087489063867
187,2005-03-15,-0.00144550448106
188,2005-03-16,-0.00868558193399
189,2005-03-17,-0.000876168224299
190,2005-03-18,-0.000292312189418
191,2005-03-21,-0.00701754385965
192,2005-03-22,0.0259128386337
193,2005-03-23,0.0189437428243
194,2005-03-24,0.00619718309859
195,2005-03-29,-0.000279955207167
196,2005-03-30,-0.00336040324839
197,2005-03-31,-0.0042146670413
198,2005-04-01,0.0282167042889
199,2005-04-04,-0.0063117453348
200,2005-04-05,0.00248550124275
201,2005-04-06,0.00413223140496
202,2005-04-07,-0.00960219478738
203,2005-04-08,0.0163434903047
204,2005-04-11,0.022894521668
205,2005-04-12,-0.00319744204636
206,2005-04-13,0.00828655439722
207,2005-04-14,-0.0116648992577
208,2005-04-15,-0.00348712446352
209,2005-04-18,-0.0204576043069
210,2005-04-19,0.00329760923331
211,2005-04-20,0.0
212,2005-04-21,0.00684743905779
213,2005-04-22,0.00924918389554
214,2005-04-25,0.0134770889488
215,2005-04-26,-0.00531914893617
216,2005-04-27,-0.0189839572193
217,2005-04-28,-0.0185336603979
218,2005-04-29,0.00805331852263
219,2005-05-02,0.00550964187328
220,2005-05-03,-0.00547945205479
221,2005-05-04,0.00137741046832
222,2005-05-05,-0.0041265474553
223,2005-05-06,0.00359116022099
224,2005-05-09,0.0294522433251
225,2005-05-10,-0.00374331550802
226,2005-05-11,-0.00134192163178
227,2005-05-12,0.00510615425961
228,2005-05-13,-0.00534759358289
229,2005-05-16,0.00188172043011
230,2005-05-17,-0.00992755567481
231,2005-05-18,0.0151761517615
232,2005-05-19,0.0104111051789
233,2005-05-20,-0.0250990752972
234,2005-05-23,-0.00271002710027
235,2005-05-24,0.00978260869565
236,2005-05-25,-0.0043057050592
237,2005-05-26,0.00945945945946
238,2005-05-27,0.0147255689424
239,2005-05-30,0.0211081794195
240,2005-05-31,-0.00516795865633
241,2005-06-01,0.00207792207792
242,2005-06-02,0.00311041990669
243,2005-06-03,-0.00516795865633
244,2005-06-06,0.0171428571429
245,2005-06-07,0.0150663942799
246,2005-06-08,0.0274213836478
247,2005-06-09,0.0124877571009
248,2005-06-10,0.0111245465538
249,2005-06-13,-0.0174599378139
250,2005-06-14,0.00413826679649
251,2005-06-15,-0.00412121212121
252,2005-06-16,0.0199610516066
253,2005-06-17,-0.0109785202864
254,2005-06-20,-0.0118243243243
255,2005-06-21,-0.013431013431
256,2005-06-22,-0.0049504950495
257,2005-06-23,-0.00124378109453
258,2005-06-24,-0.00996264009963
259,2005-06-27,-0.00251572327044
260,2005-06-28,0.0
261,2005-06-29,0.0153846153846
262,2005-06-30,0.00471932439146
263,2005-07-01,0.0
264,2005-07-04,-0.000741656365884
265,2005-07-05,-0.00544285007422
266,2005-07-06,0.000746268656716
267,2005-07-07,-0.0032314193388
268,2005-07-08,0.0124688279302
269,2005-07-11,0.0167487684729
270,2005-07-12,0.00411821705426
271,2005-07-13,0.0108564535585
272,2005-07-14,-0.00119331742243
273,2005-07-15,-0.0140979689367
274,2005-07-18,0.000969461948618
275,2005-07-19,0.0157384987893
276,2005-07-20,0.0112038140644
277,2005-07-21,-0.002828854314
278,2005-07-22,0.00354609929078
279,2005-07-25,0.00588928150766
280,2005-07-26,0.0105386416862
281,2005-07-27,-0.00463499420626
282,2005-07-28,0.00093131548312
283,2005-07-29,-0.00697836706211
284,2005-08-01,0.00421644413212
285,2005-08-02,-0.00513179379519
286,2005-08-03,-0.00468933177022
287,2005-08-04,-0.00965842167256
288,2005-08-05,-0.00642245480495
289,2005-08-08,0.0
290,2005-08-09,0.025855877424
291,2005-08-10,0.0198366394399
292,2005-08-11,0.00572082379863
293,2005-08-12,-0.00455062571104
294,2005-08-15,-0.00411428571429
295,2005-08-16,-0.0142299747533
296,2005-08-17,0.0011641443539
297,2005-08-18,-0.00883720930233
298,2005-08-19,0.00469263256687
299,2005-08-22,0.0240541802896
300,2005-08-23,-0.00342075256556
301,2005-08-24,0.00114416475973
302,2005-08-25,-0.00525714285714
303,2005-08-26,0.00528492647059
304,2005-08-29,0.00525714285714
305,2005-08-30,0.00545702592087
306,2005-08-31,0.0119855269109
307,2005-09-01,0.0256983240223
308,2005-09-02,-0.00217864923747
309,2005-09-05,-0.00109170305677
310,2005-09-06,-0.00393442622951
311,2005-09-07,0.0114110160193
312,2005-09-08,-0.0052072032979
313,2005-09-09,0.00981461286805
314,2005-09-12,-0.00950323974082
315,2005-09-13,-0.010030527693
316,2005-09-14,0.00991189427313
317,2005-09-15,-0.00959651035987
318,2005-09-16,-0.00264258973794
319,2005-09-19,-0.0152351512475
320,2005-09-20,0.0224215246637
321,2005-09-21,-0.0125
322,2005-09-22,-0.00222074172774
323,2005-09-23,-0.018473180503
324,2005-09-26,-0.00907029478458
325,2005-09-27,-0.0137299771167
326,2005-09-28,0.0371229698376
327,2005-09-29,0.010514541387
328,2005-09-30,0.00686296214302
329,2005-10-03,0.00241864555849
330,2005-10-04,0.00109673173942
331,2005-10-05,0.00657318141981
332,2005-10-06,-0.012842838485
333,2005-10-07,0.00441014332966
334,2005-10-10,0.0136114160263
335,2005-10-11,-0.00238249945852
336,2005-10-12,-0.0186712983066
337,2005-10-13,-0.00575221238938
338,2005-10-14,-0.0146862483311
339,2005-10-17,-0.00406504065041
340,2005-10-18,-0.00861678004535
341,2005-10-19,-0.0263037511436
342,2005-10-20,0.010101010101
343,2005-10-21,0.00372093023256
344,2005-10-24,0.0152919369787
345,2005-10-25,0.0301232314012
346,2005-10-26,-0.0139565795304
347,2005-10-27,0.0121321051449
348,2005-10-28,0.00865704772475
349,2005-10-31,0.012323943662
350,2005-11-01,-0.00869565217391
351,2005-11-02,0.00964912280702
352,2005-11-03,0.0382276281494
353,2005-11-04,0.0112970711297
354,2005-11-07,0.00165494414564
355,2005-11-08,-0.018380834366
356,2005-11-09,-0.0284031138228
357,2005-11-10,0.0160242529233
358,2005-11-11,0.00959079283887
359,2005-11-14,-0.000211104074309
360,2005-11-15,-0.0103462837838
361,2005-11-16,-0.0170684873053
362,2005-11-17,0.0195354894725
363,2005-11-18,0.0114967000213
364,2005-11-21,0.018943380341
365,2005-11-22,-0.022516009089
366,2005-11-23,-0.0122569737954
367,2005-11-24,-0.0190415062045
368,2005-11-25,0.0137404580153
369,2005-11-28,-0.00301204819277
370,2005-11-29,-0.00151057401813
371,2005-11-30,-0.0032418413659
372,2005-12-01,0.0010841283608
373,2005-12-02,0.00974658869396
374,2005-12-05,0.00686400686401
375,2005-12-06,-0.00532594801875
376,2005-12-07,-0.00813878774898
377,2005-12-08,-0.0166270783848
378,2005-12-09,-0.0098814229249
379,2005-12-12,0.00177422931914
380,2005-12-13,0.00154970112907
381,2005-12-14,0.0101679929266
382,2005-12-15,-0.00875273522976
383,2005-12-16,0.0227373068433
384,2005-12-19,0.00906540038852
385,2005-12-20,0.0528342245989
386,2005-12-21,0.0164567249086
387,2005-12-22,-0.0201878872676
388,2005-12-23,0.00958792329661
389,2005-12-27,0.0119216003233
390,2005-12-28,-0.00718849840256
391,2005-12-29,-0.00844730490748
392,2005-12-30,-0.00608519269777
393,2006-01-02,0.00102040816327
394,2006-01-03,0.0291539245668
395,2006-01-04,0.00515055467512
396,2006-01-05,0.0214820654316
397,2006-01-06,0.000771753810534
398,2006-01-09,0.0044341623289
399,2006-01-10,0.00479846449136
400,2006-01-11,0.0425978987584
401,2006-01-12,0.0117259069256
402,2006-01-13,-0.0119521912351
403,2006-01-16,-0.0153958944282
404,2006-01-17,-0.0147058823529
405,2006-01-18,-0.00925750991876
406,2006-01-19,0.0249809305873
407,2006-01-20,-0.0133953488372
408,2006-01-23,-0.000188572506129
409,2006-01-24,-0.0015088645794
410,2006-01-25,0.0262561390253
411,2006-01-26,0.00533775078226
412,2006-01-27,0.0247162211644
413,2006-01-30,-0.00964802572807
414,2006-01-31,-0.00847916290817
415,2006-02-01,0.00946142649199
416,2006-02-02,-0.0176640230714
417,2006-02-03,0.00146788990826
418,2006-02-06,0.00659582264566
419,2006-02-07,0.0147433563888
420,2006-02-08,-0.0143497757848
421,2006-02-09,0.00527752502275
422,2006-02-10,-0.00362056480811
423,2006-02-13,0.0047238372093
424,2006-02-14,0.0253164556962
425,2006-02-15,0.000176366843033
426,2006-02-16,0.00775877270323
427,2006-02-17,-0.00139982502187
428,2006-02-20,-0.00227790432802
429,2006-02-21,0.0064980681419
430,2006-02-22,0.00296632350375
431,2006-02-23,0.0053931802366
432,2006-02-24,0.0119397819692
433,2006-02-27,0.0174418604651
434,2006-02-28,-0.00655462184874
435,2006-03-01,0.0150566739976
436,2006-03-02,-0.0135
437,2006-03-03,-0.00439263389086
438,2006-03-06,-0.00118784999152
439,2006-03-07,-0.0338090383962
440,2006-03-08,-0.0165289256198
441,2006-03-09,0.0423743965671
442,2006-03-10,0.0243567753002
443,2006-03-13,-0.0123911587408
444,2006-03-14,-0.00254323499491
445,2006-03-15,-0.00475947645759
446,2006-03-16,0.00717335610589
447,2006-03-17,0.0106833983381
448,2006-03-20,0.0260067114094
449,2006-03-21,-0.00686835650041
450,2006-03-22,-0.0191009385806
451,2006-03-23,0.00436461306027
452,2006-03-24,0.00952699314725
453,2006-03-27,-0.00165562913907
454,2006-03-28,-0.00182421227197
455,2006-03-29,-0.00647948164147
456,2006-03-30,-0.000501672240803
457,2006-03-31,0.00234231219675
458,2006-04-03,-0.00684359873143
459,2006-04-04,0.00672268907563
460,2006-04-05,0.00901502504174
461,2006-04-06,-0.0066181336863
462,2006-04-07,-0.00233177881412
463,2006-04-10,-0.000834724540901
464,2006-04-11,-0.00350877192982
465,2006-04-12,-0.00536552649229
466,2006-04-13,0.000505731625084
467,2006-04-18,0.00421229991575
468,2006-04-19,0.00469798657718
469,2006-04-20,0.000668002672011
470,2006-04-21,0.00834445927904
471,2006-04-24,-0.00959947037405
472,2006-04-25,0.00167112299465
473,2006-04-26,0.00734067400734
474,2006-04-27,0.000662471016893
475,2006-04-28,0.00132406487918
476,2006-05-02,0.00413223140496
477,2006-05-03,0.0103703703704
478,2006-05-04,0.00814597588791
479,2006-05-05,0.016160310278
480,2006-05-08,0.0273536895674
481,2006-05-09,-0.00696594427245
482,2006-05-10,-0.00405300077942
483,2006-05-11,-0.00907810298951
484,2006-05-12,-0.0317485389354
485,2006-05-15,-0.0407830342577
486,2006-05-16,0.00493197278912
487,2006-05-17,-0.0389236757489
488,2006-05-18,-0.0297587603451
489,2006-05-19,0.04555353902
490,2006-05-22,-0.0739454955737
491,2006-05-23,0.0515463917526
492,2006-05-24,-0.024064171123
493,2006-05-25,0.0096803652968
494,2006-05-26,0.0184515195369
495,2006-05-29,-0.00284191829485
496,2006-05-30,-0.0288564303527
497,2006-05-31,0.00293470286134
498,2006-06-01,0.0138990490124
499,2006-06-02,0.00378787878788
500,2006-06-05,-0.0109613656783
501,2006-06-06,-0.0377906976744
502,2006-06-07,0.000755287009063
503,2006-06-08,-0.0443396226415
504,2006-06-09,0.00691016781836
505,2006-06-12,-0.00960784313725
506,2006-06-13,-0.0314789150663
507,2006-06-14,0.0298446443173
508,2006-06-15,0.0347360063517
509,2006-06-16,-0.000767312488011
510,2006-06-19,0.000191975427145
511,2006-06-20,-0.00671785028791
512,2006-06-21,0.0409661835749
513,2006-06-22,0.0185632077223
514,2006-06-23,0.0233278658648
515,2006-06-26,-0.0026714158504
516,2006-06-27,-0.01
517,2006-06-28,-0.00919913419913
518,2006-06-29,0.0216639359184
519,2006-06-30,0.00160370634355
520,2006-07-03,-0.013698630137
521,2006-07-04,0.00631313131313
522,2006-07-05,0.00107546155225
523,2006-07-06,0.0223813786929
524,2006-07-07,-0.0217162872154
525,2006-07-10,0.0046544933763
526,2006-07-11,-0.0235210263721
527,2006-07-12,-0.0155109489051
528,2006-07-13,-0.00185356811863
529,2006-07-14,-0.0311977715877
530,2006-07-17,-0.0134176729921
531,2006-07-18,0.0163201865164
532,2006-07-19,0.027145861212
533,2006-07-20,0.0135864507724
534,2006-07-21,-0.0093646713184
535,2006-07-24,0.0224281742354
536,2006-07-25,0.00942712110225
537,2006-07-26,0.00538793103448
538,2006-07-27,0.0032154340836
539,2006-07-28,0.0238603988604
540,2006-07-31,-0.0055652173913
541,2006-08-01,-0.0101434067856
542,2006-08-02,0.0234982332155
543,2006-08-03,0.000863110650785
544,2006-08-04,0.00448430493274
545,2006-08-07,-0.00240384615385
546,2006-08-08,0.00533562822719
547,2006-08-09,-0.0155795240541
548,2006-08-10,-0.00173913043478
549,2006-08-11,0.0121951219512
550,2006-08-14,-0.00189328743546
551,2006-08-15,0.0225901017417
552,2006-08-16,0.0151770657673
553,2006-08-17,0.00498338870432
554,2006-08-18,-0.000165289256198
555,2006-08-21,-0.00826582906265
556,2006-08-22,-0.00716786131022
557,2006-08-23,-0.0107454667562
558,2006-08-24,-0.00322471147318
559,2006-08-25,0.026562233952
560,2006-08-28,0.0265383977442
561,2006-08-29,0.0156729681693
562,2006-08-30,-0.0209990454979
563,2006-08-31,-0.00617484562886
564,2006-09-01,-0.000490516677567
565,2006-09-04,0.0147227220677
566,2006-09-05,-0.0182169917782
567,2006-09-06,-0.0175697865353
568,2006-09-07,0.0110312552231
569,2006-09-08,0.00231443213754
570,2006-09-11,0.0077519379845
571,2006-09-12,0.00523731587561
572,2006-09-13,0.00944317811788
573,2006-09-14,0.00661290322581
574,2006-09-15,-0.017625380548
575,2006-09-18,-0.0137008644593
576,2006-09-19,-0.0205060360509
577,2006-09-20,0.0249873374979
578,2006-09-21,-0.000329435018943
579,2006-09-22,-0.00576701268743
580,2006-09-25,-0.00712628438847
581,2006-09-26,0.00267067267568
582,2006-09-27,0.00732478774763
583,2006-09-28,-0.00859362088911
584,2006-09-29,-0.00166694449075
585,2006-10-02,-0.0121890131908
586,2006-10-03,-0.00743745774172
587,2006-10-04,0.00425749318801
588,2006-10-05,0.0179752416483
589,2006-10-06,0.00832916874896
590,2006-10-09,0.00148686601685
591,2006-10-10,-0.0117123061696
592,2006-10-11,-0.00150225338007
593,2006-10-12,-0.00902708124373
594,2006-10-13,-0.00455465587045
595,2006-10-16,0.000508388408744
596,2006-10-17,-0.0260840108401
597,2006-10-18,0.0246956521739
598,2006-10-19,0.00950441276307
599,2006-10-20,0.00891055817081
600,2006-10-23,0.0018330278287
601,2006-10-24,-0.00499001996008
602,2006-10-25,-0.000668672684721
603,2006-10-26,0.0033456005353
604,2006-10-27,-0.0165055018339
605,2006-10-30,-0.00983217494491
606,2006-10-31,-0.00393768190378
607,2006-11-01,0.00635957373668
608,2006-11-02,0.00324508966695
609,2006-11-03,0.00868232890705
610,2006-11-06,-0.00236286919831
611,2006-11-07,0.0441549653189
612,2006-11-08,-0.0113415424498
613,2006-11-09,-0.00753851196329
614,2006-11-10,-0.00148612945839
615,2006-11-13,0.00297668265255
616,2006-11-14,0.0100577081616
617,2006-11-15,-0.00114267058439
618,2006-11-16,0.00702729204118
619,2006-11-17,-0.0014605647517
620,2006-11-20,0.00796359499431
621,2006-11-21,0.00274105127378
622,2006-11-22,0.0213860749317
623,2006-11-23,0.000787153652393
624,2006-11-24,-0.00566304860783
625,2006-11-27,-0.0109159943047
626,2006-11-28,0.00511836212412
627,2006-11-29,0.0
628,2006-11-30,0.00732017823043
629,2006-12-01,-0.00710900473934
630,2006-12-04,0.00190930787589
631,2006-12-05,-0.00349372717167
632,2006-12-06,-0.00191235059761
633,2006-12-07,0.0175634679866
634,2006-12-08,-0.00517809508866
635,2006-12-11,0.0129337539432
636,2006-12-12,-0.00669573341638
637,2006-12-13,-0.0092490986048
638,2006-12-14,0.0118670886076
639,2006-12-15,0.00938232994527
640,2006-12-18,0.00309837335399
641,2006-12-19,-0.00833976833977
642,2006-12-20,0.00295904064787
643,2006-12-21,-0.00962732919255
644,2006-12-22,-0.00830981498902
645,2006-12-27,0.0102766798419
646,2006-12-28,0.00281690140845
647,2006-12-29,-0.00811485642946
648,2007-01-02,0.015890497168
649,2007-01-03,0.00340715502555
650,2007-01-04,0.00478468899522
651,2007-01-05,0.00414746543779
652,2007-01-08,-0.00413033501606
653,2007-01-09,0.0185867895545
654,2007-01-10,0.00316694314583
655,2007-01-11,0.0126277811185
656,2007-01-12,0.0020783847981
657,2007-01-15,-0.00711111111111
658,2007-01-16,-0.00552074007759
659,2007-01-17,0.00120030007502
660,2007-01-18,-0.00689345122134
661,2007-01-19,0.000452693526483
662,2007-01-22,-0.00980392156863
663,2007-01-23,0.003046458492
664,2007-01-24,0.00987091875475
665,2007-01-25,-0.00646616541353
666,2007-01-26,-0.00408657484486
667,2007-01-29,0.00151975683891
668,2007-01-30,-0.00273141122914
669,2007-01-31,0.00441265976872
670,2007-02-01,0.00590819572792
671,2007-02-02,0.0066265060241
672,2007-02-05,-0.00553560742071
673,2007-02-06,-0.00255754475703
674,2007-02-07,0.0185520361991
675,2007-02-08,-0.0112542573671
676,2007-02-09,0.00658978583196
677,2007-02-12,-0.00461240886773
678,2007-02-13,-0.0034379671151
679,2007-02-14,0.0041997900105
680,2007-02-15,-0.000448095593727
681,2007-02-16,-0.00403466826061
682,2007-02-19,0.000600150037509
683,2007-02-20,0.00704753336332
684,2007-02-21,-0.00223347230494
685,2007-02-22,-0.00761080435756
686,2007-02-23,-0.0133834586466
687,2007-02-26,-0.0050297210791
688,2007-02-27,-0.0287990196078
689,2007-02-28,0.00236593059937
690,2007-03-01,-0.0124311565696
691,2007-03-02,-0.00971956660293
692,2007-03-05,-0.0204344328238
693,2007-03-06,0.00673455978975
694,2007-03-07,-0.00391581008321
695,2007-03-08,0.0276822276822
696,2007-03-09,-0.0137073637233
697,2007-03-12,-0.010989010989
698,2007-03-13,-0.0246732026144
699,2007-03-14,-0.0165856927459
700,2007-03-15,0.0127768313458
701,2007-03-16,0.0117746005046
702,2007-03-19,0.0294264339152
703,2007-03-20,0.0140503875969
704,2007-03-21,0.0127408823061
705,2007-03-22,0.0111652775594
706,2007-03-23,-0.0101088646967
707,2007-03-26,-0.000942655145326
708,2007-03-27,-0.00833464381192
709,2007-03-28,0.0045987947986
710,2007-03-29,0.00584056827151
711,2007-03-30,0.0200878844947
712,2007-04-02,-0.0106153846154
713,2007-04-03,0.000621987249261
714,2007-04-04,-0.003108003108
715,2007-04-05,0.000467653936087
716,2007-04-10,0.0174509192895
717,2007-04-11,-0.00490045941807
718,2007-04-12,0.00169282856263
719,2007-04-13,0.00783530496236
720,2007-04-16,0.0259146341463
721,2007-04-17,-0.0121842496285
722,2007-04-18,-0.00391095066185
723,2007-04-19,-0.000302023557837
724,2007-04-20,0.00468277945619
725,2007-04-23,-0.000150353330326
726,2007-04-24,-0.015037593985
727,2007-04-25,0.0259541984733
728,2007-04-26,0.0373511904762
729,2007-04-27,0.0273992253622
730,2007-04-30,0.00530578050824
731,2007-05-02,-0.0161111111111
732,2007-05-03,-0.0138339920949
733,2007-05-04,0.00229029487547
734,2007-05-07,0.0012853470437
735,2007-05-08,-0.00470688917415
736,2007-05-09,0.00300945829751
737,2007-05-10,-0.0184312044578
738,2007-05-11,-0.00727802037846
739,2007-05-14,-0.016862170088
740,2007-05-15,-0.0214765100671
741,2007-05-16,0.010516689529
742,2007-05-17,-0.00558069381599
743,2007-05-18,0.00242681632034
744,2007-05-21,-0.00499319110304
745,2007-05-22,-0.014598540146
746,2007-05-23,0.0140432098765
747,2007-05-24,-0.0146096484553
748,2007-05-25,0.0105019305019
749,2007-05-29,0.0087116001834
750,2007-05-30,-0.00772727272727
751,2007-05-31,0.0140479462513
752,2007-06-01,0.0150579731968
753,2007-06-04,-0.00370864856846
754,2007-06-05,-0.011911852293
755,2007-06-06,-0.0182338758288
756,2007-06-07,-0.0145817344589
757,2007-06-08,-0.0095015576324
758,2007-06-11,0.0176128322063
759,2007-06-12,-0.0183897388348
760,2007-06-13,0.00362090680101
761,2007-06-14,0.0122352941176
762,2007-06-15,0.014256934759
763,2007-06-18,-0.0061115355233
764,2007-06-19,0.00584166026134
765,2007-06-20,0.00672474400122
766,2007-06-21,-0.0159404888417
767,2007-06-22,-0.0171243443382
768,2007-06-25,0.00769110029823
769,2007-06-26,-0.0185358255452
770,2007-06-27,-0.0199968259007
771,2007-06-28,0.0353036437247
772,2007-06-29,0.0142343187862
773,2007-07-02,-0.0149599012955
774,2007-07-03,0.00469704086426
775,2007-07-04,0.0021817048465
776,2007-07-05,-0.00932980873892
777,2007-07-06,0.00627844922304
778,2007-07-09,0.000311963812198
779,2007-07-10,-0.0180882582255
780,2007-07-11,-0.0036525329522
781,2007-07-12,0.00557857825948
782,2007-07-13,-0.000317007449675
783,2007-07-16,0.0106231171714
784,2007-07-17,-0.0108252274867
785,2007-07-18,-0.0234734337827
786,2007-07-19,0.00698392074062
787,2007-07-20,-0.0120967741935
788,2007-07-23,0.00979591836735
789,2007-07-24,-0.0153597413096
790,2007-07-25,-0.011986863711
791,2007-07-26,-0.047698188466
792,2007-07-27,-0.0242582897033
793,2007-07-30,-0.011983544983
794,2007-07-31,0.0314989138306
795,2007-08-01,-0.03861003861
796,2007-08-02,-0.0401606425703
797,2007-08-03,-0.0241536705972
798,2007-08-06,0.0267004482557
799,2007-08-07,0.0362566438876
800,2007-08-08,0.0109910239971
801,2007-08-09,0.0125022649031
802,2007-08-10,-0.0374015748031
803,2007-08-13,0.00241680609779
804,2007-08-14,0.00686201780415
805,2007-08-15,-0.0217351261742
806,2007-08-16,-0.0372811146677
807,2007-08-17,0.0545667905339
808,2007-08-20,0.013353115727
809,2007-08-21,-0.014458272328
810,2007-08-22,-0.00798514391829
811,2007-08-23,0.00861100711344
812,2007-08-24,0.00835189309577
813,2007-08-27,-0.0114117430517
814,2007-08-28,-0.0229007633588
815,2007-08-29,0.0093368902439
816,2007-08-30,-0.00774023031905
817,2007-08-31,0.0146499238965
818,2007-09-03,0.00562535158447
819,2007-09-04,0.0253589408913
820,2007-09-05,-0.0307328605201
821,2007-09-06,-0.00712945590994
822,2007-09-07,-0.0325018896447
823,2007-09-10,-0.004296875
824,2007-09-11,0.0153001176932
825,2007-09-12,-0.0168083462133
826,2007-09-13,-0.00255452937709
827,2007-09-14,-0.0244286840032
828,2007-09-17,-0.0254442649435
829,2007-09-18,0.0217571487775
830,2007-09-19,0.0442100993713
831,2007-09-20,-0.0137890852593
832,2007-09-21,0.00846790074833
833,2007-09-24,-0.00683460261668
834,2007-09-25,-0.0182854895792
835,2007-09-26,0.01021430002
836,2007-09-27,0.0142743854084
837,2007-09-28,0.00684128225176
838,2007-10-01,0.0574645699864
839,2007-10-02,0.0150541582522
840,2007-10-03,-0.00524507144149
841,2007-10-04,0.0118181818182
842,2007-10-05,-0.0106019766397
843,2007-10-08,-0.00653832183073
844,2007-10-09,-0.00438756855576
845,2007-10-10,-0.0222181417554
846,2007-10-11,0.0189671361502
847,2007-10-12,0.000552893475857
848,2007-10-15,-0.0134463068705
849,2007-10-16,-0.00877520537715
850,2007-10-17,-0.00376718779431
851,2007-10-18,-0.0124787294385
852,2007-10-19,-0.0273789010147
853,2007-10-22,-0.0145669291339
854,2007-10-23,0.0129844186976
855,2007-10-24,-0.0220863734964
856,2007-10-25,-0.0252066948982
857,2007-10-26,0.00599917252793
858,2007-10-29,-0.00760847213654
859,2007-10-30,0.0275590551181
860,2007-10-31,0.0183504738859
861,2007-11-01,-0.0360396039604
862,2007-11-02,-0.0262941659819
863,2007-11-05,-0.0464135021097
864,2007-11-06,-0.000221238938053
865,2007-11-07,-0.0285461385262
866,2007-11-08,0.131435079727
867,2007-11-09,-0.0306019730219
868,2007-11-12,0.0635514018692
869,2007-11-13,0.0462800234329
870,2007-11-14,-0.0253826054498
871,2007-11-15,-0.020873228648
872,2007-11-16,0.0314883629963
873,2007-11-19,0.0263557072431
874,2007-11-20,0.00572695363015
875,2007-11-21,0.0286554004409
876,2007-11-22,0.01125
877,2007-11-23,0.0434398728589
878,2007-11-26,-0.030292773735
879,2007-11-27,0.00279232111693
880,2007-11-28,0.0445527323355
881,2007-11-29,-0.0233255581473
882,2007-11-30,0.0203002388263
883,2007-12-03,0.0013375689684
884,2007-12-04,-0.00584404742027
885,2007-12-05,0.00083977158213
886,2007-12-06,-0.0135928847122
887,2007-12-07,-0.00442327322218
888,2007-12-10,0.0184552289815
889,2007-12-11,-0.013255033557
890,2007-12-12,0.0136031287196
891,2007-12-13,-0.0112397248784
892,2007-12-14,-0.00763488293179
893,2007-12-17,-0.0123097965464
894,2007-12-18,0.00346200450061
895,2007-12-19,0.00776263584613
896,2007-12-20,0.00188291680931
897,2007-12-21,0.038270972151
898,2007-12-27,0.00855685371071
899,2007-12-28,-0.00620003263175
900,2008-01-02,0.00558200623871
901,2008-01-03,0.0302040816327
902,2008-01-04,0.00824088748019
903,2008-01-07,0.00723043068218
904,2008-01-08,0.00124843945069
905,2008-01-09,-0.00794887780549
906,2008-01-10,-0.00471327572663
907,2008-01-11,0.0121546961326
908,2008-01-14,0.0145040548971
909,2008-01-15,-0.0464258262875
910,2008-01-16,-0.0591649201999
911,2008-01-17,-0.0335846470185
912,2008-01-18,0.0127659574468
913,2008-01-21,-0.0857843137255
914,2008-01-22,0.026618153964
915,2008-01-23,-0.0496176086551
916,2008-01-24,0.0961727183513
917,2008-01-25,-0.0157564905998
918,2008-01-28,-0.0161906494452
919,2008-01-29,0.0245931952663
920,2008-01-30,0.00613607652048
921,2008-01-31,-0.00286995515695
922,2008-02-01,0.00737542723511
923,2008-02-04,-0.0232142857143
924,2008-02-05,-0.0570383912249
925,2008-02-06,0.105079488174
926,2008-02-07,0.0291228070175
927,2008-02-08,0.00801227412206
928,2008-02-11,0.0162354134957
929,2008-02-12,0.00532534531536
930,2008-02-13,0.0
931,2008-02-14,-0.0215196159576
932,2008-02-15,0.0233463035019
933,2008-02-18,0.0353777483882
934,2008-02-19,0.0252275267444
935,2008-02-20,-0.00965581685096
936,2008-02-21,-0.0011008020129
937,2008-02-22,0.0155856423174
938,2008-02-25,0.0137963106495
939,2008-02-26,0.0160550458716
940,2008-02-27,-0.00270880361174
941,2008-02-28,-0.0285196921684
942,2008-02-29,-0.00326188257223
943,2008-03-03,-0.0355306217859
944,2008-03-04,-0.020358700921
945,2008-03-05,0.0168233547749
946,2008-03-06,-0.0176804541768
947,2008-03-07,-0.016677675033
948,2008-03-10,-0.0132661628883
949,2008-03-11,0.0399931926481
950,2008-03-12,0.0201276386843
951,2008-03-13,-0.0274302213667
952,2008-03-14,-0.0417285172357
953,2008-03-17,-0.0450946643718
954,2008-03-18,0.0447007930786
955,2008-03-19,-0.0132850241546
956,2008-03-20,0.016261584193
957,2008-03-25,0.0412938747419
958,2008-03-26,-0.0234633179114
959,2008-03-27,0.00524534686971
960,2008-03-28,0.026594849352
961,2008-03-31,-0.00557468437449
962,2008-04-01,0.0108821104699
963,2008-04-02,0.00962322622737
964,2008-04-03,-0.0274636510501
965,2008-04-04,-0.00332225913621
966,2008-04-07,0.0095
967,2008-04-08,-0.0321941555225
968,2008-04-09,-0.0356533606278
969,2008-04-10,0.001238280559
970,2008-04-11,-0.0280918727915
971,2008-04-14,-0.00945282675877
972,2008-04-15,0.00165167920719
973,2008-04-16,0.0384756320997
974,2008-04-17,-0.0232886379675
975,2008-04-18,0.0281791907514
976,2008-04-21,-0.00421644413212
977,2008-04-22,-0.0201129146083
978,2008-04-23,0.0190853438963
979,2008-04-24,0.0279151943463
980,2008-04-25,-0.0132347885871
981,2008-04-28,0.00557394182198
982,2008-04-29,-0.0145504936775
983,2008-04-30,-0.0084373352083
984,2008-05-02,0.0148909767772
985,2008-05-05,-0.00192139737991
986,2008-05-06,-0.00665033251663
987,2008-05-07,0.0199083861875
988,2008-05-08,0.0290205562273
989,2008-05-09,-0.0290414638241
990,2008-05-12,-0.00449515905947
991,2008-05-13,0.00677318513373
992,2008-05-14,-0.00414007245127
993,2008-05-15,0.0263294647497
994,2008-05-16,0.0121518987342
995,2008-05-19,0.00900450225113
996,2008-05-20,-0.00776731118823
997,2008-05-21,-0.00316455696203
998,2008-05-22,0.024895572264
999,2008-05-23,0.0267362243234
1000,2008-05-26,-0.0147665925691
1001,2008-05-27,-0.00983078162772
1002,2008-05-28,-0.0109049479167
1003,2008-05-29,-0.0159618232681
1004,2008-05-30,0.0384615384615
1005,2008-06-02,-0.0048309178744
1006,2008-06-03,0.00145631067961
1007,2008-06-04,0.0189045079981
1008,2008-06-05,0.00983190612115
1009,2008-06-06,-0.0224560301508
1010,2008-06-09,-0.018313253012
1011,2008-06-10,-0.0121093110784
1012,2008-06-11,-0.0044724200762
1013,2008-06-12,0.00748752079867
1014,2008-06-13,0.00165152766309
1015,2008-06-16,-0.00741962077494
1016,2008-06-17,-0.00415282392027
1017,2008-06-18,-0.0123436196831
1018,2008-06-19,-0.0189157236953
1019,2008-06-20,-0.0117059734894
1020,2008-06-23,-0.058003832085
1021,2008-06-24,0.0122041420118
1022,2008-06-25,0.0677749360614
1023,2008-06-26,-0.0343883661249
1024,2008-06-27,-0.0173635719348
1025,2008-06-30,0.00378651280202
1026,2008-07-01,-0.0256870846057
1027,2008-07-02,0.0154867256637
1028,2008-07-03,0.00363108206245
1029,2008-07-04,-0.0466714905933
1030,2008-07-07,-0.0360531309298
1031,2008-07-08,-0.00374015748031
1032,2008-07-09,0.00671803991306
1033,2008-07-10,-0.0263002944063
1034,2008-07-11,0.0211650876839
1035,2008-07-14,0.0140150019739
1036,2008-07-15,-0.00720264745961
1037,2008-07-16,-0.0754901960784
1038,2008-07-17,0.0224814422057
1039,2008-07-18,0.0155569383945
1040,2008-07-21,-0.0224673202614
1041,2008-07-22,-0.0117007939824
1042,2008-07-23,0.0291754756871
1043,2008-07-24,-0.0139687756779
1044,2008-07-25,-0.0202083333333
1045,2008-07-28,-0.054858600893
1046,2008-07-29,0.0173228346457
1047,2008-07-30,0.0294117647059
1048,2008-07-31,-0.0195488721805
1049,2008-08-01,-0.021472392638
1050,2008-08-04,-0.0291088222123
1051,2008-08-05,0.0129151291513
1052,2008-08-06,0.0186703096539
1053,2008-08-07,-0.0270451497541
1054,2008-08-08,-0.0144727773949
1055,2008-08-11,0.062703962704
1056,2008-08-12,-0.0482561965343
1057,2008-08-13,-0.0265038027195
1058,2008-08-14,0.0118371212121
1059,2008-08-15,0.00982686008423
1060,2008-08-18,-0.0129749768304
1061,2008-08-19,-0.0471830985915
1062,2008-08-20,0.00566642030057
1063,2008-08-21,-0.0127388535032
1064,2008-08-22,0.0598014888337
1065,2008-08-25,-0.0180285647389
1066,2008-08-26,0.00119217930377
1067,2008-08-27,0.0402476780186
1068,2008-08-28,0.0151098901099
1069,2008-08-29,0.00586377988272
1070,2008-09-01,-0.00403587443946
1071,2008-09-02,-0.0148581719946
1072,2008-09-03,-0.0162248628885
1073,2008-09-04,-0.0155632984901
1074,2008-09-05,0.0386974988202
1075,2008-09-08,-0.0038618809632
1076,2008-09-09,0.0271379703535
1077,2008-09-10,0.0419626998224
1078,2008-09-11,0.0123588323034
1079,2008-09-12,-0.0974531677542
1080,2008-09-15,-0.0711287313433
1081,2008-09-16,-0.0725583730856
1082,2008-09-17,-0.0414185165133
1083,2008-09-18,-0.00141203049986
1084,2008-09-19,0.0378959276018
1085,2008-09-22,-0.0174386920981
1086,2008-09-23,0.0199667221298
1087,2008-09-24,0.00217509516041
1088,2008-09-25,-0.0189907759088
1089,2008-09-26,-0.0154867256637
1090,2008-09-29,-0.237921348315
1091,2008-09-30,0.00995208256543
1092,2008-10-01,0.0547445255474
1093,2008-10-02,0.0207612456747
1094,2008-10-03,0.068813559322
1095,2008-10-06,-0.0475737392959
1096,2008-10-07,-0.0639360639361
1097,2008-10-08,-0.0469583778015
1098,2008-10-09,0.00559910414334
1099,2008-10-10,-0.161841128434
1100,2008-10-13,0.105845881311
1101,2008-10-14,-0.0148177813376
1102,2008-10-15,-0.107317073171
1103,2008-10-16,-0.0195810564663
1104,2008-10-17,0.00975383186252
1105,2008-10-20,0.00919963201472
1106,2008-10-21,-0.0556061987238
1107,2008-10-22,-0.0569498069498
1108,2008-10-23,0.028659160696
1109,2008-10-24,-0.073631840796
1110,2008-10-27,-0.21858216971
1111,2008-10-28,-0.00962199312715
1112,2008-10-29,0.00624566273421
1113,2008-10-30,0.114482758621
1114,2008-10-31,-0.00866336633663
1115,2008-11-03,0.0717852684145
1116,2008-11-04,0.128712871287
1117,2008-11-05,-0.0577915376677
1118,2008-11-06,-0.0805038335159
1119,2008-11-07,0.00178677784395
1120,2008-11-10,-0.012485136742
1121,2008-11-11,-0.0638169777243
1122,2008-11-12,-0.0514469453376
1123,2008-11-13,0.00610169491525
1124,2008-11-14,0.0330188679245
1125,2008-11-17,0.0123939986954
1126,2008-11-18,-0.0393041237113
1127,2008-11-19,0.0295103957076
1128,2008-11-20,0.0390879478827
1129,2008-11-21,-0.0940438871473
1130,2008-11-24,0.0955017301038
1131,2008-11-25,-0.0259001895136
1132,2008-11-26,-0.0064850843061
1133,2008-11-27,0.0424281984334
1134,2008-11-28,0.00187852222918
1135,2008-12-01,-0.07625
1136,2008-12-02,0.0243572395129
1137,2008-12-03,-0.00264200792602
1138,2008-12-04,-0.00993377483444
1139,2008-12-05,-0.0401337792642
1140,2008-12-08,-0.0473867595819
1141,2008-12-09,-0.0270665691295
1142,2008-12-10,0.0233082706767
1143,2008-12-11,0.0102865540044
1144,2008-12-12,-0.0167272727273
1145,2008-12-15,-0.00147928994083
1146,2008-12-16,-0.0185185185185
1147,2008-12-17,-0.0128301886792
1148,2008-12-18,-0.0214067278287
1149,2008-12-19,-0.0234375
1150,2008-12-22,0.0488
1151,2008-12-23,0.067887109077
1152,2008-12-29,0.108571428571
1153,2008-12-30,-0.00128865979381
1154,2009-01-02,-0.00645161290323
1155,2009-01-05,-0.0402597402597
1156,2009-01-06,0.0236806495264
1157,2009-01-07,0.0244547257105
1158,2009-01-08,-0.0664516129032
1159,2009-01-09,-0.0601243953006
1160,2009-01-12,-0.0477941176471
1161,2009-01-13,0.101158301158
1162,2009-01-14,-0.17110799439
1163,2009-01-15,-0.176818950931
1164,2009-01-16,-0.11408016444
1165,2009-01-19,-0.129930394432
1166,2009-01-20,-0.0333333333333
1167,2009-01-21,0.0896551724138
1168,2009-01-22,0.00126582278481
1169,2009-01-23,-0.0214917825537
1170,2009-01-26,0.0723514211886
1171,2009-01-27,-0.00602409638554
1172,2009-01-28,0.149090909091
1173,2009-01-29,-0.0632911392405
1174,2009-01-30,0.0619369369369
1175,2009-02-02,-0.0562036055143
1176,2009-02-03,0.0191011235955
1177,2009-02-04,0.0363836824697
1178,2009-02-05,-0.00425531914894
1179,2009-02-06,0.0267094017094
1180,2009-02-09,-0.0104058272633
1181,2009-02-10,-0.0220820189274
1182,2009-02-11,0.0204301075269
1183,2009-02-12,-0.0189673340358
1184,2009-02-13,-0.00429645542428
1185,2009-02-16,-0.042071197411
1186,2009-02-17,-0.0427927927928
1187,2009-02-18,0.0152941176471
1188,2009-02-19,0.0695249130939
1189,2009-02-20,-0.0411700975081
1190,2009-02-23,-0.045197740113
1191,2009-02-24,0.0213017751479
1192,2009-02-25,-0.00347624565469
1193,2009-02-26,0.0383720930233
1194,2009-02-27,-0.013437849944
1195,2009-03-02,-0.0692395005675
1196,2009-03-03,0.0182926829268
1197,2009-03-04,0.022754491018
1198,2009-03-05,-0.104215456674
1199,2009-03-06,-0.0588235294118
1200,2009-03-09,0.101388888889
1201,2009-03-10,0.0945775535939
1202,2009-03-11,0.0380184331797
1203,2009-03-12,0.0255271920089
1204,2009-03-13,-0.0151515151515
1205,2009-03-16,0.0417582417582
1206,2009-03-17,0.0232067510549
1207,2009-03-18,0.0288659793814
1208,2009-03-19,-0.00801603206413
1209,2009-03-20,0.0757575757576
1210,2009-03-23,0.0985915492958
1211,2009-03-24,0.0213675213675
1212,2009-03-25,0.0150627615063
1213,2009-03-26,0.0346248969497
1214,2009-03-27,0.000796812749004
1215,2009-03-30,-0.0883757961783
1216,2009-03-31,0.0436681222707
1217,2009-04-01,0.0317991631799
1218,2009-04-02,0.0421735604217
1219,2009-04-03,0.00933852140078
1220,2009-04-06,0.0370084811103
1221,2009-04-07,-0.0542750929368
1222,2009-04-08,0.0267295597484
1223,2009-04-09,0.0375191424196
1224,2009-04-14,0.0627306273063
1225,2009-04-15,-0.0208333333333
1226,2009-04-16,0.0390070921986
1227,2009-04-17,0.019795221843
1228,2009-04-20,-0.0856760374833
1229,2009-04-21,0.0292825768668
1230,2009-04-22,0.076813655761
1231,2009-04-23,-0.0303830911493
1232,2009-04-24,0.0381471389646
1233,2009-04-27,-0.00590551181102
1234,2009-04-28,-0.019801980198
1235,2009-04-29,0.0154882154882
1236,2009-04-30,0.0444297082228
1237,2009-05-04,0.0431746031746
1238,2009-05-05,0.00426049908704
1239,2009-05-06,0.0266666666667
1240,2009-05-07,0.0448642266824
1241,2009-05-08,0.0649717514124
1242,2009-05-11,-0.0435013262599
1243,2009-05-12,-0.0621186910704
1244,2009-05-13,-0.083382613838
1245,2009-05-14,0.0193548387097
1246,2009-05-15,0.0189873417722
1247,2009-05-18,0.0714285714286
1248,2009-05-19,0.0539130434783
1249,2009-05-20,-0.0594059405941
1250,2009-05-21,-0.0251461988304
1251,2009-05-22,0.000599880023995
1252,2009-05-25,0.00779376498801
1253,2009-05-26,0.00237953599048
1254,2009-05-27,-0.00593471810089
1255,2009-05-28,-0.0244776119403
1256,2009-05-29,0.0146878824969
1257,2009-06-01,0.0337756332931
1258,2009-06-02,-0.0233372228705
1259,2009-06-03,-0.0221027479092
1260,2009-06-04,0.00305436774588
1261,2009-06-05,0.0133982947625
1262,2009-06-08,0.0769230769231
1263,2009-06-09,-0.0111607142857
1264,2009-06-10,0.0462753950339
1265,2009-06-11,0.0280474649407
1266,2009-06-12,0.00786988457503
1267,2009-06-15,-0.0530973451327
1268,2009-06-16,0.0115448048378
1269,2009-06-17,-0.0353260869565
1270,2009-06-18,0.0112676056338
1271,2009-06-19,-0.0033426183844
1272,2009-06-22,-0.0648406931247
1273,2009-06-23,0.0251046025105
1274,2009-06-24,0.0379008746356
1275,2009-06-25,-0.0112359550562
1276,2009-06-26,0.0159090909091
1277,2009-06-29,-0.0089485458613
1278,2009-06-30,0.0163656884876
1279,2009-07-01,0.0838423098279
1280,2009-07-02,-0.0522540983607
1281,2009-07-03,-0.00108108108108
1282,2009-07-06,-0.0189393939394
1283,2009-07-07,-0.003861003861
1284,2009-07-08,-0.0210409745293
1285,2009-07-09,0.0220588235294
1286,2009-07-10,-0.0143884892086
1287,2009-07-13,0.021897810219
1288,2009-07-14,0.00824175824176
1289,2009-07-15,0.0185286103542
1290,2009-07-16,-0.000535045478866
1291,2009-07-17,-0.00107066381156
1292,2009-07-20,0.0219721329046
1293,2009-07-21,-0.00419507079182
1294,2009-07-22,0.0147446024223
1295,2009-07-23,0.0243902439024
1296,2009-07-24,-0.00202634245187
1297,2009-07-27,0.0502538071066
1298,2009-07-28,-0.0594490091832
1299,2009-07-29,0.0498458376156
1300,2009-07-30,-0.0455212922173
1301,2009-07-31,-0.00512820512821
1302,2009-08-03,0.00927835051546
1303,2009-08-04,-0.0097037793667
1304,2009-08-05,-0.00825167612171
1305,2009-08-06,-0.00780031201248
1306,2009-08-07,0.0303983228512
1307,2009-08-10,0.0315361139369
1308,2009-08-11,-0.00986193293886
1309,2009-08-12,0.00846613545817
1310,2009-08-13,0.0488888888889
1311,2009-08-14,-0.00188323917137
1312,2009-08-17,-0.00943396226415
1313,2009-08-18,0.00571428571429
1314,2009-08-19,0.00142045454545
1315,2009-08-20,0.0548463356974
1316,2009-08-21,0.0421335723891
1317,2009-08-24,0.0223655913978
1318,2009-08-25,0.0159865376525
1319,2009-08-26,0.0227743271222
1320,2009-08-27,-0.0222672064777
1321,2009-08-28,0.0438923395445
1322,2009-08-31,-0.0198333994447
1323,2009-09-01,-0.0368271954674
1324,2009-09-02,0.0138655462185
1325,2009-09-03,0.0621632822213
1326,2009-09-04,0.0226297307842
1327,2009-09-07,-0.000381533765738
1328,2009-09-08,0.00267175572519
1329,2009-09-09,-0.000761324704987
1330,2009-09-10,-0.047619047619
1331,2009-09-11,-0.004
1332,2009-09-14,-0.0317269076305
1333,2009-09-15,0.0157610949813
1334,2009-09-16,0.00939158840343
1335,2009-09-17,-0.0133495145631
1336,2009-09-18,-0.00287002870029
1337,2009-09-21,-0.0518092105263
1338,2009-09-22,0.0294882914137
1339,2009-09-23,-0.00463352990733
1340,2009-09-24,-0.00550148116801
1341,2009-09-25,0.0
1342,2009-09-28,0.0225531914894
1343,2009-09-29,0.00790678318768
1344,2009-09-30,0.00247729149463
1345,2009-10-01,-0.0275947281713
1346,2009-10-02,-0.0321897501059
1347,2009-10-05,0.0131291028446
1348,2009-10-06,0.0142548596112
1349,2009-10-07,0.00638841567291
1350,2009-10-08,0.0253914515446
1351,2009-10-09,0.0173338836154
1352,2009-10-12,0.0182555780933
1353,2009-10-13,-0.0290836653386
1354,2009-10-14,0.0279031596225
1355,2009-10-15,0.00279441117764
1356,2009-10-16,-0.00796178343949
1357,2009-10-19,0.0212680577849
1358,2009-10-20,-0.02278978389
1359,2009-10-21,0.0152794531564
1360,2009-10-22,-0.0138613861386
1361,2009-10-23,0.014859437751
1362,2009-10-26,-0.0502572220024
1363,2009-10-27,-0.0304166666667
1364,2009-10-28,-0.049849591749
1365,2009-10-29,0.0226142017187
1366,2009-10-30,-0.0663423264042
1367,2009-11-02,0.00236854571293
1368,2009-11-03,0.0132325141777
1369,2009-11-04,0.0368470149254
1370,2009-11-05,0.017094017094
1371,2009-11-06,0.0168067226891
1372,2009-11-09,0.0104393214441
1373,2009-11-10,-0.00731812311666
1374,2009-11-11,0.0134431916739
1375,2009-11-12,-0.0106974753958
1376,2009-11-13,0.0103806228374
1377,2009-11-16,0.0192636986301
1378,2009-11-17,-0.00965980680386
1379,2009-11-18,-0.00932994062765
1380,2009-11-19,-0.000856164383562
1381,2009-11-20,-0.00642673521851
1382,2009-11-23,0.0275981026304
1383,2009-11-24,0.00587494754511
1384,2009-11-25,-0.00458906967042
1385,2009-11-26,-0.0297569153395
1386,2009-11-27,0.0060475161987
1387,2009-11-30,0.0137398024903
1388,2009-12-01,0.0122829309615
1389,2009-12-02,-0.0112970711297
1390,2009-12-03,0.0160812526449
1391,2009-12-04,-0.00124947938359
1392,2009-12-07,0.0137614678899
1393,2009-12-08,-0.00205676676265
1394,2009-12-09,-0.020197856554
1395,2009-12-10,0.0105174589819
1396,2009-12-11,-0.00499583680266
1397,2009-12-14,0.00543933054393
1398,2009-12-15,-0.00540990428631
1399,2009-12-16,0.00753138075314
1400,2009-12-17,-0.0240863787375
1401,2009-12-18,0.00170212765957
1402,2009-12-21,-0.00807136788445
1403,2009-12-22,-0.00770877944325
1404,2009-12-23,0.00215796288304
1405,2009-12-28,-0.00430663221361
1406,2009-12-29,0.0090830449827
1407,2009-12-30,-0.0192884697814
1408,2010-01-04,0.0220716783217
1409,2010-01-05,0.0237331622835
1410,2010-01-06,0.0129490392648
1411,2010-01-07,0.0216494845361
1412,2010-01-08,0.0115035317861
1413,2010-01-11,-0.0223463687151
1414,2010-01-12,-0.034693877551
1415,2010-01-13,0.0114164904863
1416,2010-01-14,-0.0117056856187
1417,2010-01-15,-0.0334179357022
1418,2010-01-18,-0.0271334792123
1419,2010-01-19,-0.00832208726946
1420,2010-01-20,0.00158766160127
1421,2010-01-21,-0.0036231884058
1422,2010-01-22,-0.0102272727273
1423,2010-01-25,-0.00275545350172
1424,2010-01-26,0.0124338015197
1425,2010-01-27,0.00614055037526
1426,2010-01-28,-0.000904159132007
1427,2010-01-29,-0.00226244343891
1428,2010-02-01,0.0106575963719
1429,2010-02-02,0.015032533094
1430,2010-02-03,0.00154730327144
1431,2010-02-04,-0.0253807106599
1432,2010-02-05,-0.000679347826087
1433,2010-02-08,0.00566508044414
1434,2010-02-09,0.00766110860748
1435,2010-02-10,0.00603756708408
1436,2010-02-11,-0.00422316070238
1437,2010-02-12,-0.0142857142857
1438,2010-02-15,0.000226449275362
1439,2010-02-16,0.00520715417704
1440,2010-02-17,0.0105855855856
1441,2010-02-18,-0.00534878537999
1442,2010-02-19,0.0306968406901
1443,2010-02-22,0.000434782608696
1444,2010-02-23,-0.029335071708
1445,2010-02-24,0.0172375195881
1446,2010-02-25,-0.00528169014084
1447,2010-02-26,-0.00353982300885
1448,2010-03-01,-0.00621669626998
1449,2010-03-02,0.035746201966
1450,2010-03-03,-0.00496117342537
1451,2010-03-04,0.01062215478
1452,2010-03-05,0.002574002574
1453,2010-03-08,-0.000213949507916
1454,2010-03-09,-0.00534988230259
1455,2010-03-10,0.0111876075731
1456,2010-03-11,0.00276595744681
1457,2010-03-12,0.0108211330363
1458,2010-03-15,-0.00566750629723
1459,2010-03-16,0.00527760185772
1460,2010-03-17,0.0092398152037
1461,2010-03-18,-0.0112359550562
1462,2010-03-19,-0.0136784511785
1463,2010-03-22,-0.0132280776616
1464,2010-03-23,0.00994594594595
1465,2010-03-24,-0.00663669449797
1466,2010-03-25,0.00646551724138
1467,2010-03-26,0.00642398286938
1468,2010-03-29,0.00191489361702
1469,2010-03-30,-0.00700785729454
1470,2010-03-31,0.00919589392643
1471,2010-04-01,0.0154693791057
1472,2010-04-06,0.010225375626
1473,2010-04-07,-0.00888246230118
1474,2010-04-08,-0.00791996665277
1475,2010-04-09,0.00252100840336
1476,2010-04-12,0.00293378038558
1477,2010-04-13,-0.00104471374843
1478,2010-04-14,0.0520811545702
1479,2010-04-15,-0.00735586481113
1480,2010-04-16,-0.0112157019828
1481,2010-04-19,-0.00405104314361
1482,2010-04-20,0.0337604230222
1483,2010-04-21,0.0251819791462
1484,2010-04-22,-0.018806371138
1485,2010-04-23,0.0422452571876
1486,2010-04-26,0.0258960405329
1487,2010-04-27,-0.0663983903421
1488,2010-04-28,-0.00039184952978
1489,2010-04-29,0.0194041552332
1490,2010-04-30,-0.0111517015958
1491,2010-05-03,0.0266381489403
1492,2010-05-04,-0.0515151515152
1493,2010-05-05,-0.0163738019169
1494,2010-05-06,-0.0426309378806
1495,2010-05-07,-0.0330788804071
1496,2010-05-10,0.0703947368421
1497,2010-05-11,0.00389264494981
1498,2010-05-12,0.00367346938776
1499,2010-05-13,0.00325335502237
1500,2010-05-14,-0.0306039724362
1501,2010-05-17,0.0142170186076
1502,2010-05-18,0.0181405895692
1503,2010-05-19,0.00688398461227
1504,2010-05-20,-0.0130705811381
1505,2010-05-21,0.00570497147514
1506,2010-05-24,-0.00101296596434
1507,2010-05-25,-0.0411681200568
1508,2010-05-26,0.0188240270728
1509,2010-05-27,0.0238737803612
1510,2010-05-28,-0.00243309002433
1511,2010-05-31,0.00528455284553
1512,2010-06-01,-0.00808734330772
1513,2010-06-02,-0.00122299225438
1514,2010-06-03,-0.00489795918367
1515,2010-06-04,-0.010459392945
1516,2010-06-07,-0.0136787564767
1517,2010-06-08,-0.0166001260769
1518,2010-06-09,0.0254273504274
1519,2010-06-10,0.000208376745155
1520,2010-06-11,0.0254166666667
1521,2010-06-14,0.0158472165786
1522,2010-06-15,0.0094
1523,2010-06-16,0.00019813750743
1524,2010-06-17,0.00138668779715
1525,2010-06-18,0.00356083086053
1526,2010-06-21,0.00512517248177
1527,2010-06-22,0.000980584428319
1528,2010-06-23,-0.0199843260188
1529,2010-06-24,-0.0185925629748
1530,2010-06-25,-0.0128335709921
1531,2010-06-28,0.0115559224102
1532,2010-06-29,-0.0297837617299
1533,2010-06-30,0.00231286795627
1534,2010-07-01,-0.0115376547095
1535,2010-07-02,-0.00382003395586
1536,2010-07-05,-0.013634426928
1537,2010-07-06,0.0304535637149
1538,2010-07-07,-0.0194927688116
1539,2010-07-08,0.0483112441214
1540,2010-07-09,-0.0281402936378
1541,2010-07-12,0.0
1542,2010-07-13,0.00083927822073
1543,2010-07-14,0.00587002096436
1544,2010-07-15,-0.00375156315131
1545,2010-07-16,-0.0200836820084
1546,2010-07-19,-0.0104611443211
1547,2010-07-20,-0.0127292340885
1548,2010-07-21,0.00546328671329
1549,2010-07-22,0.019343620952
1550,2010-07-23,0.00362473347548
1551,2010-07-26,0.0140216698534
1552,2010-07-27,0.0356170123612
1553,2010-07-28,-0.00667610762695
1554,2010-07-29,0.0081466395112
1555,2010-07-30,-0.0109090909091
1556,2010-08-02,0.0214460784314
1557,2010-08-03,0.00539892021596
1558,2010-08-04,-0.000596658711217
1559,2010-08-05,-0.00915422885572
1560,2010-08-06,0.005021088572
1561,2010-08-09,0.0105915267786
1562,2010-08-10,-0.0112715048448
1563,2010-08-11,-0.016
1564,2010-08-12,-0.0292682926829
1565,2010-08-13,0.00293132328308
1566,2010-08-16,-0.0104384133612
1567,2010-08-17,0.0206751054852
1568,2010-08-18,0.00496072757338
1569,2010-08-19,-0.010900863842
1570,2010-08-20,-0.00228737783323
1571,2010-08-23,0.00500208420175
1572,2010-08-24,-0.0120282040647
1573,2010-08-25,-0.00860621326616
1574,2010-08-26,0.00402286682194
1575,2010-08-27,0.00801349641501
1576,2010-08-30,-0.0115062761506
1577,2010-08-31,0.0118518518519
1578,2010-09-01,0.0276092867601
1579,2010-09-02,0.0447791573377
1580,2010-09-03,-0.0177284239236
1581,2010-09-06,-0.00396667988893
1582,2010-09-07,-0.0161290322581
1583,2010-09-08,-0.00020238818053
1584,2010-09-09,0.0931174089069
1585,2010-09-10,0.0111111111111
1586,2010-09-13,-0.0864468864469
1587,2010-09-14,-0.00441058540497
1588,2010-09-15,0.0100684655658
1589,2010-09-16,-0.00737639553429
1590,2010-09-17,-0.0040168708576
1591,2010-09-20,0.00383141762452
1592,2010-09-21,0.00763358778626
1593,2010-09-22,-0.00179425837321
1594,2010-09-23,-0.00279608548033
1595,2010-09-24,0.000400560785099
1596,2010-09-27,-0.001001001001
1597,2010-09-28,-0.000801603206413
1598,2010-09-29,0.000802246289611
1599,2010-09-30,-0.000400801603206
1600,2010-10-01,-0.00100240577386
1601,2010-10-04,0.000401364639775
1602,2010-10-05,0.00160481444333
1603,2010-10-06,-0.00100140196275
1604,2010-10-07,0.000801924619086
1605,2010-10-08,-0.000400641025641
1606,2010-10-11,0.00100200400802
1607,2010-10-12,0.0024024024024
1608,2010-10-13,-0.00299580587178
1609,2010-10-14,0.00020032051282
1610,2010-10-15,-0.000400560785099
1611,2010-10-18,0.000400721298337
1612,2010-10-19,0.00180252353295
1613,2010-10-20,-0.000399840063974
1614,2010-10-21,0.0002
1615,2010-10-22,0.00159968006399
1616,2010-10-25,-0.00239568776203
1617,2010-10-26,0.0
1618,2010-10-27,-0.00060036021613
1619,2010-10-28,0.000600720865038
1620,2010-10-29,0.000800480288173
1621,2010-11-01,-0.00159968006399
1622,2010-11-02,0.00400560785099
1623,2010-11-03,0.00119688809096
1624,2010-11-04,-0.00438334329548
1625,2010-11-05,0.00380228136882
1626,2010-11-08,0.00159489633174
1627,2010-11-09,-0.00119426751592
1628,2010-11-10,0.0
1629,2010-11-11,0.000398565165405
1630,2010-11-12,0.0
1631,2010-11-15,0.0
1632,2010-11-16,-0.00139442231076
1633,2010-11-17,-0.000199481348494
1634,2010-11-18,-0.000997605746209
1635,2010-11-19,0.00159776313162
1636,2010-11-22,-0.000199401794616
1637,2010-11-23,-0.00358994814519
1638,2010-11-24,-0.00400320256205
1639,2010-11-25,-0.0337620578778
1640,2010-11-26,-0.00582362728785
1641,2010-11-29,-0.0667364016736
1642,2010-11-30,-0.0293656130912
1643,2010-12-01,0.0170900692841
1644,2010-12-02,-0.0463215258856
1645,2010-12-03,0.052380952381
1646,2010-12-06,-0.0859728506787
1647,2010-12-07,-0.00445544554455
1648,2010-12-08,-0.00546991546494
1649,2010-12-09,0.002
1650,2010-12-10,0.0249500998004
1651,2010-12-13,-0.00632911392405
1652,2010-12-14,0.0205781479667
1653,2010-12-15,-0.0158425348056
1654,2010-12-16,-0.0292682926829
1655,2010-12-17,0.0381909547739
1656,2010-12-20,-0.00508228460794
1657,2010-12-21,0.00802724397957
1658,2010-12-22,0.000241312741313
1659,2010-12-23,-0.000482509047045
1660,2010-12-27,-0.00555153270577
1661,2010-12-28,0.00606796116505
1662,2010-12-29,0.0021712907117
1663,2010-12-30,0.00144439094848
1664,2011-01-03,0.0
1665,2011-01-04,-0.000721153846154
1666,2011-01-05,0.00024055809478
1667,2011-01-06,0.00889850889851
1668,2011-01-07,0.00929678188319
1669,2011-01-10,-0.00614076523382
1670,2011-01-11,0.00142585551331
1671,2011-01-12,0.0189843379212
1672,2011-01-13,0.0
1673,2011-01-14,-0.00954820680019
1674,2011-01-17,0.00141076886903
1675,2011-01-18,-0.00469593801362
1676,2011-01-19,-0.00731304552961
1677,2011-01-20,0.0
1678,2011-01-21,0.00380228136882
1679,2011-01-24,-0.0016571969697
1680,2011-01-25,0.000237135404316
1681,2011-01-26,-0.00900900900901
1682,2011-01-27,0.0
1683,2011-01-28,0.00311004784689
1684,2011-01-31,-0.0164559980921
1685,2011-02-01,-0.00193986420951
1686,2011-02-02,0.0138483965015
1687,2011-02-03,-0.00311526479751
1688,2011-02-04,0.000721153846154
1689,2011-02-07,0.00168147970214
1690,2011-02-08,0.00455635491607
1691,2011-02-09,0.000238720458343
1692,2011-02-10,0.00930787589499
1693,2011-02-11,0.00472925041381
1694,2011-02-14,0.00729583431396
1695,2011-02-15,-0.000700934579439
1696,2011-02-16,0.000935234977788
1697,2011-02-17,0.00443821537024
1698,2011-02-18,-0.00372093023256
1699,2011-02-21,0.00233426704015
1700,2011-02-22,-0.0100139729856
1701,2011-02-23,-0.0138790872736
1702,2011-02-24,0.000238549618321
1703,2011-02-25,0.0
1704,2011-02-28,-0.0059623181493
1705,2011-03-01,0.00191938579655
1706,2011-03-02,0.0105363984674
1707,2011-03-03,-0.00473933649289
1708,2011-03-04,0.0047619047619
1709,2011-03-07,-0.00355450236967
1710,2011-03-08,0.0026159334126
1711,2011-03-09,-0.000237191650854
1712,2011-03-10,0.01162514828
1713,2011-03-11,-0.00492495309568
1714,2011-03-14,-0.00424228140467
1715,2011-03-15,-0.0224852071006
1716,2011-03-16,0.010411622276
1717,2011-03-17,0.0165348670022
1718,2011-03-18,-0.010372465818
1719,2011-03-21,0.0178656503097
1720,2011-03-22,0.00163819330681
1721,2011-03-23,0.0163551401869
1722,2011-03-24,0.00459770114943
1723,2011-03-25,-0.00297482837529
1724,2011-03-28,-0.00160661005279
1725,2011-03-29,-0.00206896551724
1726,2011-03-30,-0.0140520617369
1727,2011-03-31,0.00233644859813
1728,2011-04-01,0.00606060606061
1729,2011-04-04,-0.00370713623726
1730,2011-04-05,0.00093023255814
1731,2011-04-06,0.000232342007435
1732,2011-04-07,0.0
1733,2011-04-08,0.0
1734,2011-04-11,0.00348432055749
1735,2011-04-12,0.00162037037037
1736,2011-04-13,-0.00855095909406
1737,2011-04-14,-0.00629370629371
1738,2011-04-15,0.0133708655876
1739,2011-04-18,-0.018287037037
1740,2011-04-19,0.0044800754539
1741,2011-04-20,0.00164319248826
1742,2011-04-21,0.0014061401453
1743,2011-04-26,-0.000234027615259
1744,2011-04-27,0.00889513108614
1745,2011-04-28,-0.00139211136891
1746,2011-04-29,0.00487918215613
1747,2011-05-02,-0.00138728323699
1748,2011-05-03,-0.000694605232693
1749,2011-05-04,0.0032437442076
1750,2011-05-05,0.00254041570439
1751,2011-05-06,0.00437687168855
1752,2011-05-09,-0.00435779816514
1753,2011-05-10,0.00437687168855
1754,2011-05-11,-0.00183486238532
1755,2011-05-12,0.00666360294118
1756,2011-05-13,0.00342387582744
1757,2011-05-16,-0.00727934485896
1758,2011-05-17,0.000229147571036
1759,2011-05-18,0.0394043528064
1760,2011-05-19,0.0363676438175
1761,2011-05-20,-0.0136112292641
1762,2011-05-23,-0.0209141871496
1763,2011-05-24,-0.00572561109888
1764,2011-05-25,-0.00132890365448
1765,2011-05-26,-0.00532268795742
1766,2011-05-27,-0.00066889632107
1767,2011-05-30,0.00312360553324
1768,2011-05-31,0.00756227758007
1769,2011-06-01,0.00154525386313
1770,2011-06-02,-0.00176327970024
1771,2011-06-03,0.000220799293442
1772,2011-06-06,0.00286975717439
1773,2011-06-07,-0.00836451683909
1774,2011-06-08,-0.00910099889012
1775,2011-06-09,0.00089605734767
1776,2011-06-10,0.00470008952551
1777,2011-06-13,0.00245043439519
1778,2011-06-14,0.00688888888889
1779,2011-06-15,-0.0116971970867
1780,2011-06-16,-0.00156319785619
1781,2011-06-17,0.000447327219861
1782,2011-06-20,-0.00625978090767
1783,2011-06-21,0.00359955005624
1784,2011-06-22,0.00784577449002
1785,2011-06-23,-0.00800711743772
1786,2011-06-24,0.000224215246637
1787,2011-06-27,-0.0076216095046
1788,2011-06-28,0.000677659814773
1789,2011-06-29,0.00767494356659
1790,2011-06-30,0.0112007168459
1791,2011-07-01,0.00376606114311
1792,2011-07-04,-0.00397263297285
1793,2011-07-05,0.00553955240417
1794,2011-07-06,-0.00242397531952
1795,2011-07-07,0.00309255577645
1796,2011-07-08,0.0
1797,2011-07-11,-0.00176172649196
1798,2011-07-12,-0.0189719832341
1799,2011-07-13,0.0105689228694
1800,2011-07-14,0.00400534045394
1801,2011-07-15,-0.00243794326241
1802,2011-07-18,-0.00177738280382
1803,2011-07-19,-0.00111284219898
1804,2011-07-20,0.00245098039216
1805,2011-07-21,0.010446765948
1806,2011-07-22,0.00351957765068
1807,2011-07-25,-0.00745287154757
1808,2011-07-26,0.00618374558304
1809,2011-07-27,-0.000219490781387
1810,2011-07-28,-0.00944017563117
1811,2011-07-29,0.0179521276596
1812,2011-08-01,-0.0102329632049
1813,2011-08-02,-0.00263968323801
1814,2011-08-03,0.00419056021173
1815,2011-08-04,-0.0364594772677
1816,2011-08-05,-0.0373831775701
1817,2011-08-08,0.0151551030073
1818,2011-08-09,-0.00326568696058
1819,2011-08-10,0.0112333255324
1820,2011-08-11,-0.0254570701227
1821,2011-08-12,-0.00332462597958
1822,2011-08-15,0.0347867524422
1823,2011-08-16,0.00207230025328
1824,2011-08-17,-0.000689338235294
1825,2011-08-18,0.00459875833525
1826,2011-08-19,0.00709544518196
1827,2011-08-22,0.00818181818182
1828,2011-08-23,0.0200631199279
1829,2011-08-24,-0.0028729281768
1830,2011-08-25,-0.0093085106383
1831,2011-08-26,0.00581655480984
1832,2011-08-29,-0.00800711743772
1833,2011-08-30,0.0103139013453
1834,2011-08-31,-0.00976475810031
1835,2011-09-01,0.00941281936351
1836,2011-09-02,-0.00488454706927
1837,2011-09-05,-0.0301204819277
1838,2011-09-06,-0.0050609615827
1839,2011-09-07,-0.0071676300578
1840,2011-09-08,0.0100139729856
1841,2011-09-09,-0.00991468757205
1842,2011-09-12,-0.0470423847229
1843,2011-09-13,-0.0246823069404
1844,2011-09-14,0.0197945377098
1845,2011-09-15,0.0115479115479
1846,2011-09-16,0.0128734515424
1847,2011-09-19,-0.00167865707434
1848,2011-09-20,0.00936824405477
1849,2011-09-21,0.0138029509757
1850,2011-09-22,-0.0199530516432
1851,2011-09-23,-0.0165269461078
1852,2011-09-26,0.0228933268388
1853,2011-09-27,-0.00238095238095
1854,2011-09-28,-0.0119331742243
1855,2011-09-29,0.00507246376812
1856,2011-09-30,-0.00961307378034
1857,2011-10-03,-0.0138315942732
1858,2011-10-04,-0.0169783464567
1859,2011-10-05,0.00625782227785
1860,2011-10-06,0.0
1861,2011-10-07,0.00945273631841
1862,2011-10-10,0.010349926072
1863,2011-10-11,-0.00292682926829
1864,2011-10-12,0.00195694716243
1865,2011-10-13,-0.010498046875
1866,2011-10-14,0.0
1867,2011-10-17,0.0
1868,2011-10-18,0.00246730816679
1869,2011-10-19,-0.00246123554024
1870,2011-10-20,0.00419442388354
1871,2011-10-21,-0.0014742014742
1872,2011-10-24,-0.00172244094488
1873,2011-10-25,0.0130638402761
1874,2011-10-26,-0.00973236009732
1875,2011-10-27,0.0265356265356
1876,2011-10-28,-0.00909526089038
1877,2011-10-31,0.0123188405797
1878,2011-11-01,-0.00644237652112
1879,2011-11-02,-0.000960614793468
1880,2011-11-03,0.0
1881,2011-11-04,0.0
1882,2011-11-07,0.0
1883,2011-11-08,-0.000240384615385
1884,2011-11-09,0.000480884828084
1885,2011-11-10,-0.000240326844508
1886,2011-11-11,-0.00240384615385
1887,2011-11-14,0.0
1888,2011-11-15,-0.000722891566265
1889,2011-11-16,-0.00506390161563
1890,2011-11-17,0.00775569558895
1891,2011-11-18,0.014911014911
1892,2011-11-21,-0.0127962085308
1893,2011-11-22,0.00120019203073
1894,2011-11-23,-0.0050347638456
1895,2011-11-24,0.00240963855422
1896,2011-11-25,0.0168269230769
1897,2011-11-28,-0.0106382978723
1898,2011-11-29,-0.00597371565114
1899,2011-11-30,0.0127403846154
1900,2011-12-01,0.0040351293615
1901,2011-12-02,0.0
1902,2011-12-05,-0.00212765957447
1903,2011-12-06,0.00402748163942
1904,2011-12-07,0.00448324681454
1905,2011-12-08,-0.00399342259807
1906,2011-12-09,0.0330188679245
1907,2011-12-12,0.0173515981735
1908,2011-12-13,0.0287253141831
1909,2011-12-14,0.0152705061082
1910,2011-12-15,0.0100988397078
1911,2011-12-16,-0.00872154860668
1912,2011-12-19,0.00944206008584
1913,2011-12-20,0.0104166666667
1914,2011-12-21,-0.000841573742899
1915,2011-12-22,0.00379027163613
1916,2011-12-23,-0.00314663310258
1917,2011-12-27,0.0126262626263
1918,2011-12-28,0.00581878636741
1919,2011-12-29,-0.00206611570248
1920,2011-12-30,-0.000621118012422
1921,2012-01-02,-0.000207168013259
1922,2012-01-03,0.000828843762951
1923,2012-01-04,-0.0120082815735
1924,2012-01-05,-0.00356244761106
1925,2012-01-06,0.00210304942166
1926,2012-01-09,0.0193074501574
1927,2012-01-10,0.0570310891497
1928,2012-01-11,0.00116867939229
1929,2012-01-12,-0.0186770428016
1930,2012-01-13,-0.00158604282316
1931,2012-01-16,-0.0011914217633
1932,2012-01-17,0.00616302186879
1933,2012-01-18,0.00355660936574
1934,2012-01-19,-0.00334711557393
1935,2012-01-20,0.00592651126037
1936,2012-01-23,0.0155145326002
1937,2012-01-24,-0.00212724811448
1938,2012-01-25,0.012984496124
1939,2012-01-26,0.00191314329443
1940,2012-01-27,0.00286423524919
1941,2012-01-30,-0.0034272658035
1942,2012-01-31,0.0171952617501
1943,2012-02-01,0.0199098422239
1944,2012-02-02,0.00478821362799
1945,2012-02-03,0.0117302052786
1946,2012-02-06,-0.00036231884058
1947,2012-02-07,0.00181225081551
1948,2012-02-08,0.0117583212735
1949,2012-02-09,-0.0051850527445
1950,2012-02-10,0.00233644859813
1951,2012-02-13,0.00304823381746
1952,2012-02-14,-0.00393278512692
1953,2012-02-15,0.0
1954,2012-02-16,0.00502512562814
1955,2012-02-17,-0.000892857142857
1956,2012-02-20,-0.00554066130474
1957,2012-02-21,0.00467289719626
1958,2012-02-22,0.0
1959,2012-02-23,-0.00357781753131
1960,2012-02-24,0.000179533213644
1961,2012-02-27,0.00179500987255
1962,2012-02-28,0.00197097294392
1963,2012-02-29,-0.00125178826896
1964,2012-03-01,-0.00322291853178
1965,2012-03-02,0.00413148913239
1966,2012-03-05,0.00769230769231
1967,2012-03-06,-0.00213030356826
1968,2012-03-07,0.00711617149973
1969,2012-03-08,-0.00600600600601
1970,2012-03-09,0.00426515016883
1971,2012-03-12,0.0028313572819
1972,2012-03-13,0.00652902770425
1973,2012-03-14,-0.00070126227209
1974,2012-03-15,0.02
1975,2012-03-16,-0.00171998624011
1976,2012-03-19,-0.00671950379049
1977,2012-03-20,0.0102341717259
1978,2012-03-21,0.00669642857143
1979,2012-03-22,-0.0155210643016
1980,2012-03-23,-0.000866250866251
1981,2012-03-26,0.0161262354777
1982,2012-03-27,-0.00290102389079
1983,2012-03-28,0.0169433510183
1984,2012-03-29,0.00201952204645
1985,2012-03-30,0.000671817265704
1986,2012-04-02,0.0177912051024
1987,2012-04-03,0.00263852242744
1988,2012-04-04,0.00575657894737
1989,2012-04-05,0.000163532297629
1990,2012-04-10,-0.0143884892086
1991,2012-04-11,-0.00464499004645
1992,2012-04-12,0.005
1993,2012-04-13,-0.00530679933665
1994,2012-04-16,-0.0053351117039
1995,2012-04-17,0.00938652363393
1996,2012-04-18,-0.00498173364331
1997,2012-04-19,0.0183578104139
1998,2012-04-20,-0.010160603081
1999,2012-04-23,-0.0188741721854
2000,2012-04-24,0.00911238609517
2001,2012-04-25,0.00334448160535
2002,2012-04-26,-0.00666666666667
2003,2012-04-27,-0.00167785234899
2004,2012-04-30,0.00756302521008
2005,2012-05-02,-0.00717264386989
2006,2012-05-03,-0.00201612903226
2007,2012-05-04,0.00454545454545
2008,2012-05-07,-0.00452488687783
2009,2012-05-08,0.0037037037037
2010,2012-05-09,-0.0070446159007
2011,2012-05-10,0.000337837837838
2012,2012-05-11,-0.00658561296859
2013,2012-05-14,0.00135985041645
2014,2012-05-15,0.00254625700221
2015,2012-05-16,-0.00101591601761
2016,2012-05-17,-0.00338983050847
2017,2012-05-18,0.00527210884354
2018,2012-05-21,0.001522585011
2019,2012-05-22,-0.0133445945946
2020,2012-05-23,0.00821777092964
2021,2012-05-24,-0.00764136525726
2022,2012-05-25,-0.00770020533881
2023,2012-05-28,0.000172443524746
2024,2012-05-29,-0.00620689655172
2025,2012-05-30,-0.00173490631506
2026,2012-05-31,-0.00139033715676
2027,2012-06-01,-0.000348068221371
2028,2012-06-04,-0.0106197771588
2029,2012-06-05,-0.0107337673764
2030,2012-06-06,0.000533617929562
2031,2012-06-07,0.0524444444444
2032,2012-06-08,-0.0163851351351
2033,2012-06-11,0.00978876867594
2034,2012-06-12,0.000510204081633
2035,2012-06-13,-0.0112187659357
2036,2012-06-14,0.00911122571772
2037,2012-06-15,-0.0187393526405
2038,2012-06-18,-0.00920138888889
2039,2012-06-19,-0.00192745750832
2040,2012-06-20,0.015625
2041,2012-06-21,-0.0203975799481
2042,2012-06-22,-0.00511734603847
2043,2012-06-25,-0.00496630010642
2044,2012-06-26,-0.0017825311943
2045,2012-06-27,0.00285714285714
2046,2012-06-28,-0.00124643874644
2047,2012-06-29,0.0130147976466
2048,2012-07-02,-0.0179514255544
2049,2012-07-03,-0.00089605734767
2050,2012-07-04,0.00914798206278
2051,2012-07-05,-0.0152861713473
2052,2012-07-06,0.000361010830325
2053,2012-07-09,-0.000180440274269
2054,2012-07-10,-0.00198520122722
2055,2012-07-11,-0.00180831826401
2056,2012-07-12,-0.00905797101449
2057,2012-07-13,0.00694698354662
2058,2012-07-16,-0.00653594771242
2059,2012-07-17,-0.00255847953216
2060,2012-07-18,0.0104433858556
2061,2012-07-19,0.00616500453309
2062,2012-07-20,-0.010091908452
2063,2012-07-23,-0.00236664846168
2064,2012-07-24,-0.00510948905109
2065,2012-07-25,0.00880410858401
2066,2012-07-26,0.00890909090909
2067,2012-07-27,0.000720850603712
2068,2012-07-30,0.0
2069,2012-07-31,0.000180082838105
2070,2012-08-01,-0.000360100828232
2071,2012-08-02,0.00180115273775
2072,2012-08-03,0.00862998921251
2073,2012-08-06,0.0197860962567
2074,2012-08-07,-0.00856493619997
2075,2012-08-08,0.010754583921
2076,2012-08-09,0.000523286237572
2077,2012-08-10,-0.00505578800558
2078,2012-08-13,-0.00192745750832
2079,2012-08-14,0.000702247191011
2080,2012-08-15,0.000175438596491
2081,2012-08-16,-0.00368356428697
2082,2012-08-17,0.00528169014085
2083,2012-08-20,0.0077057793345
2084,2012-08-21,-0.00399721932569
2085,2012-08-22,0.00575815738964
2086,2012-08-23,-0.00954198473282
2087,2012-08-24,0.0278507619548
2088,2012-08-27,0.000511247443763
2089,2012-08-28,0.010049395333
2090,2012-08-29,0.00303541315346
2091,2012-08-30,0.000336247478144
2092,2012-08-31,0.00336134453782
2093,2012-09-03,0.0316582914573
2094,2012-09-04,-0.0107160253288
2095,2012-09-05,0.0128015755785
2096,2012-09-06,-0.00988494571382
2097,2012-09-07,0.026022913257
2098,2012-09-10,-0.0207369596427
2099,2012-09-11,-0.0174295487864
2100,2012-09-12,-0.0152519893899
2101,2012-09-13,-0.00673400673401
2102,2012-09-14,0.00508474576271
2103,2012-09-17,0.00168634064081
2104,2012-09-18,-0.010101010101
2105,2012-09-19,-0.00374149659864
2106,2012-09-20,0.0191191532946
2107,2012-09-21,0.00502512562814
2108,2012-09-24,-0.00666666666667
2109,2012-09-25,0.00134228187919
2110,2012-09-26,-0.00167560321716
2111,2012-09-27,0.00335683115139
2112,2012-09-28,0.0
2113,2012-10-01,0.00184008029441
2114,2012-10-02,0.000500918350309
2115,2012-10-03,0.00367156208278
2116,2012-10-04,0.00698370468906
2117,2012-10-05,0.00379788639366
2118,2012-10-08,-0.00707353183089
2119,2012-10-09,0.000331345261763
2120,2012-10-10,0.0
2121,2012-10-11,0.0
2122,2012-10-12,0.0
2123,2012-10-15,0.00529976813514
2124,2012-10-16,0.00164744645799
2125,2012-10-17,0.00115131578947
2126,2012-10-18,-0.00919993428618
2127,2012-10-19,0.00978278892389
2128,2012-10-22,-0.00492610837438
2129,2012-10-23,0.0042904290429
2130,2012-10-24,0.0
2131,2012-10-25,0.000821557673349
2132,2012-10-26,0.0
2133,2012-10-29,-0.000820883270399
2134,2012-10-30,0.0134735458429
2135,2012-10-31,0.0030804150454
2136,2012-11-01,0.000969775335381
2137,2012-11-02,0.0
2138,2012-11-05,0.0
2139,2012-11-06,0.0
2140,2012-11-07,-0.00468270628129
2141,2012-11-08,0.00373134328358
2142,2012-11-09,0.000969775335381
2143,2012-11-12,0.00678185047634
2144,2012-11-13,0.00224538893344
2145,2012-11-14,0.004960793727
2146,2012-11-15,0.00207006369427
2147,2012-11-16,-0.000794533608772
2148,2012-11-19,0.00254452926209
2149,2012-11-20,-0.000951776649746
2150,2012-11-21,-0.00158780565259
2151,2012-11-22,-0.00111323155216
2152,2012-11-23,0.00525394045534
2153,2012-11-26,-0.00110864745011
2154,2012-11-27,-0.0014269858887
2155,2012-11-28,0.00730390600191
2156,2012-11-29,0.0031525851198
2157,2012-11-30,0.0
2158,2012-12-03,-0.00141420490258
2159,2012-12-04,-0.000472069236821
2160,2012-12-05,0.00566750629723
2161,2012-12-06,0.00313087038197
2162,2012-12-07,0.000624219725343
2163,2012-12-10,-0.000623830318154
2164,2012-12-11,0.0
2165,2012-12-12,0.000468164794008
2166,2012-12-13,0.00296365621588
2167,2012-12-14,0.00217729393468
2168,2012-12-17,-0.008069522036
2169,2012-12-18,0.00312891113892
2170,2012-12-19,-0.00109170305677
2171,2012-12-20,-0.00468384074941
2172,2012-12-21,0.0
2173,2012-12-27,-0.00376470588235
2174,2012-12-28,0.00141709966934
2175,2013-01-02,0.00125786163522
2176,2013-01-03,-0.00282663316583
2177,2013-01-04,0.00629921259843
2178,2013-01-07,-0.000312989045383
2179,2013-01-08,-0.00250469630557
2180,2013-01-09,0.00251098556183
2181,2013-01-10,0.00751408891672
2182,2013-01-11,0.011031696706
2183,2013-01-14,0.00199784847088
2184,2013-01-15,-0.00199386503067
2185,2013-01-16,-0.0052251421546
2186,2013-01-17,0.0
2187,2013-01-18,0.00463463618106
2188,2013-01-21,0.00123020144549
2189,2013-01-22,0.000614344954692
2190,2013-01-23,-0.000767459708365
2191,2013-01-24,0.0
2192,2013-01-25,0.0036866359447
2193,2013-01-28,-0.00673400673401
2194,2013-01-29,0.00369799691834
2195,2013-01-30,-0.00168867055573
2196,2013-01-31,0.0116869137321
2197,2013-02-01,0.0
2198,2013-02-04,-0.00981912144703
2199,2013-02-05,0.00254820090876
2200,2013-02-06,-0.00367478180983
2201,2013-02-07,-0.000245889042569
2202,2013-02-08,0.0114673963169
2203,2013-02-11,-0.00273556231003
2204,2013-02-12,-0.00472416946053
2205,2013-02-13,0.00811514316337
2206,2013-02-14,0.00243013365735
2207,2013-02-15,0.0306060606061
2208,2013-02-18,0.0349897089091
2209,2013-02-19,-0.0267613636364
2210,2013-02-20,-0.0241695370424
2211,2013-02-21,-0.00388872270416
2212,2013-02-22,-0.0151651651652
2213,2013-02-25,-0.00975758499771
2214,2013-02-26,-0.0145958429561
2215,2013-02-27,0.0265304209243
2216,2013-02-28,-0.00776255707763
2217,2013-03-01,-0.00905046786317
2218,2013-03-04,-0.00191950464396
2219,2013-03-05,0.0267386314287
2220,2013-03-06,0.00450151057402
2221,2013-03-07,-0.00147372853319
2222,2013-03-08,-0.00545180722892
2223,2013-03-11,-0.0104182440413
2224,2013-03-12,-0.00657995409334
2225,2013-03-13,-0.00492914356131
2226,2013-03-14,-0.00278637770898
2227,2013-03-15,0.00279416330332
2228,2013-03-18,-0.0061919504644
2229,2013-03-19,0.0277258566978
2230,2013-03-20,-0.00906335253107
2231,2013-03-21,0.000887094307302
2232,2013-03-22,-0.00977995110024
2233,2013-03-25,-0.00154320987654
2234,2013-03-26,0.0015455950541
2235,2013-03-27,0.00617283950617
2236,2013-03-28,-0.0168711656442
2237,2013-04-02,0.0104524180967
2238,2013-04-03,-0.0035510267099
2239,2013-04-04,0.0178184071893
2240,2013-04-05,0.00471913533262
2241,2013-04-08,-0.0139393939394
2242,2013-04-09,-0.00737553779963
2243,2013-04-10,0.0163777089783
2244,2013-04-11,-0.0119406622194
2245,2013-04-12,0.00348367604896
2246,2013-04-15,0.00153609831029
2247,2013-04-16,0.000920245398773
2248,2013-04-17,0.00827459393196
2249,2013-04-18,-0.009726443769
2250,2013-04-19,0.00920810313076
2251,2013-04-22,-0.0188564476886
2252,2013-04-23,0.0136391816491
2253,2013-04-24,0.0
2254,2013-04-25,-0.00611620795107
2255,2013-04-26,0.00113846153846
2256,2013-04-29,-0.000829824507484
2257,2013-04-30,0.0164257151646
2258,2013-05-02,-0.00738409393536
2259,2013-05-03,-0.00594512195122
2260,2013-05-06,-0.000153350713081
2261,2013-05-07,0.0
2262,2013-05-08,0.00306748466258
2263,2013-05-09,-0.00244648318043
2264,2013-05-10,0.00306560392397
2265,2013-05-13,-0.0018337408313
2266,2013-05-14,-0.00642988364972
2267,2013-05-15,0.00924499229584
2268,2013-05-16,0.00763358778626
2269,2013-05-17,-0.00590909090909
2270,2013-05-20,-0.00320073159579
2271,2013-05-21,0.0109480122324
2272,2013-05-22,-0.00284348720431
2273,2013-05-23,-0.0013347894673
2274,2013-05-24,0.00698663426488
2275,2013-05-27,-0.00452488687783
2276,2013-05-28,-0.00306060606061
2277,2013-05-29,-0.0516429070792
2278,2013-05-30,0.0
2279,2013-05-31,-0.00304487179487
2280,2013-06-03,0.0126989230027
2281,2013-06-04,-0.0133333333333
2282,2013-06-05,-0.0195302445302
2283,2013-06-06,0.0243494240803
2284,2013-06-07,0.00592663783437
2285,2013-06-10,-0.0081847133758
2286,2013-06-11,0.00439906238962
2287,2013-06-12,0.0207800511509
2288,2013-06-13,0.00219229564673
2289,2013-06-14,0.006875
2290,2013-06-17,0.000931098696462
2291,2013-06-18,0.0015503875969
2292,2013-06-19,0.0061919504644
2293,2013-06-20,-0.00615384615385
2294,2013-06-21,-0.00108359133127
2295,2013-06-24,-0.00046490004649
2296,2013-06-25,-0.00713178294574
2297,2013-06-26,0.00405996252342
2298,2013-06-27,0.00466562986003
2299,2013-06-28,0.0015479876161
2300,2013-07-01,0.0015455950541
2301,2013-07-02,-0.00617283950617
2302,2013-07-03,-0.00310559006211
2303,2013-07-04,0.0193146417445
2304,2013-07-05,0.000916870415648
2305,2013-07-08,0.00763358778626
2306,2013-07-09,0.00318181818182
2307,2013-07-10,0.00105724210844
2308,2013-07-11,-0.00060350030175
2309,2013-07-12,-0.00150966183575
2310,2013-07-15,0.0057453885697
2311,2013-07-16,-0.00481058328322
2312,2013-07-17,-0.00302114803625
2313,2013-07-18,0.00469696969697
2314,2013-07-19,0.00618307947519
2315,2013-07-22,-0.00299760191847
2316,2013-07-23,0.00120264582081
2317,2013-07-24,0.0024024024024
2318,2013-07-25,-0.0122828040743
2319,2013-07-26,-0.00121322414316
2320,2013-07-29,0.000303674460978
2321,2013-07-30,0.00591985428051
2322,2013-07-31,-0.0027161611589
2323,2013-08-01,0.000453926463913
2324,2013-08-02,0.00287356321839
2325,2013-08-05,0.00226210224702
2326,2013-08-06,0.00908817333735
2327,2013-08-07,0.00402600501014
2328,2013-08-08,-0.0109305848457
2329,2013-08-09,3.00309318597e-05
2330,2013-08-12,0.0105105105105
2331,2013-08-13,-0.00594353640416
2332,2013-08-14,0.0104633781764
2333,2013-08-15,-0.00236686390533
2334,2013-08-16,-0.00652431791222
2335,2013-08-19,0.00149253731343
2336,2013-08-20,0.0119225037258
2337,2013-08-21,-0.00883652430044
2338,2013-08-22,-0.0148588410104
2339,2013-08-23,0.0108597285068
2340,2013-08-26,-0.00238734706058
2341,2013-08-27,-0.000149566257852
2342,2013-08-28,-0.00074794315632
2343,2013-08-29,-0.00299401197605
2344,2013-08-30,0.00315315315315
2345,2013-09-02,0.0137703936536
2346,2013-09-03,-0.00856341355382
2347,2013-09-04,-0.000744601638124
2348,2013-09-05,0.00342771982116
2349,2013-09-06,-0.00297044408139
2350,2013-09-09,0.00178757634441
2351,2013-09-10,-0.000446096654275
2352,2013-09-11,0.00357036596251
2353,2013-09-12,-0.00382448858583
2354,2013-09-13,-2.97610190172e-05
2355,2013-09-16,0.00595238095238
2356,2013-09-17,-0.00325443786982
2357,2013-09-18,0.0147818343722
2358,2013-09-19,-0.00988650988651
2359,2013-09-20,0.0109305760709
2360,2013-09-23,-0.00818234950321
2361,2013-09-24,0.021803182086
2362,2013-09-25,-0.00490196078431
2363,2013-09-26,0.00115908432338
2364,2013-09-27,0.0105643994211
2365,2013-09-30,-0.00329371330374
2366,2013-10-01,0.00574712643678
2367,2013-10-02,-0.00428571428571
2368,2013-10-03,-0.000143472022956
2369,2013-10-04,0.00200889654183
2370,2013-10-07,-0.00257768867249
2371,2013-10-08,0.00950466618808
2372,2013-10-09,0.00822050290135
2373,2013-10-10,-0.00296233601354
2374,2013-10-11,-0.00254668930391
2375,2013-10-14,0.0
2376,2013-10-15,0.0
2377,2013-10-16,0.00297872340426
2378,2013-10-17,-0.0023193324848
2379,2013-10-18,0.00643551725116
2380,2013-10-21,0.0143661971831
2381,2013-10-22,0.00111080255485
2382,2013-10-23,-0.00138696255201
2383,2013-10-24,0.0136111111111
2384,2013-10-25,-0.0134283365306
2385,2013-10-28,0.00833333333333
2386,2013-10-29,-0.00275482093664
2387,2013-10-30,-0.00469613259669
2388,2013-10-31,-0.000832639467111
2389,2013-11-01,0.0
2390,2013-11-04,0.0109722222222
2391,2013-11-05,0.00288501167743
2392,2013-11-06,0.00547945205479
2393,2013-11-07,-0.00741144414169
2394,2013-11-08,0.0129570659932
2395,2013-11-11,-0.000542005420054
2396,2013-11-12,0.0195227765727
2397,2013-11-13,-0.0102925531915
2398,2013-11-14,-0.000349340284309
2399,2013-11-15,-0.00282258064516
2400,2013-11-18,-0.00202183582693
2401,2013-11-19,0.00594273365748
2402,2013-11-20,-0.00335660580021
2403,2013-11-21,0.00229017917284
2404,2013-11-22,-0.0100806451613
2405,2013-11-25,-0.000787508486083
2406,2013-11-26,0.00282639417328
2407,2013-11-27,0.00135501355014
2408,2013-11-28,-0.00135317997294
2409,2013-11-29,0.00165311653117
2410,2013-12-02,-0.00706149725386
2411,2013-12-03,-0.00136239782016
2412,2013-12-04,0.00613915416098
2413,2013-12-05,-0.00338983050847
2414,2013-12-06,0.00244897959184
2415,2013-12-09,-0.00407166123779
2416,2013-12-10,0.00218043063505
2417,2013-12-11,0.00217568670111
2418,2013-12-12,-0.00122116689281
2419,2013-12-13,0.00122265996468
2420,2013-12-16,5.42740841247e-05
2421,2013-12-17,-0.00141104960382
2422,2013-12-18,0.00326086956522
2423,2013-12-19,0.00243770314193
2424,2013-12-20,-0.00162118346393
2425,2013-12-23,-0.00527740189445
2426,2013-12-27,-0.000136035913481
2427,2013-12-30,0.0544217687075
2428,2014-01-02,-0.0348387096774
2429,2014-01-03,0.00935828877005
2430,2014-01-06,0.0132185430464
2431,2014-01-07,-0.00650997411697
2432,2014-01-08,0.0
2433,2014-01-09,0.0
2434,2014-01-10,-0.00184210526316
2435,2014-01-13,-0.00474558397047
2436,2014-01-14,0.0113642384106
2437,2014-01-15,-0.0125461641216
2438,2014-01-16,0.0053050397878
2439,2014-01-17,0.00250659630607
2440,2014-01-20,-0.0103961047506
2441,2014-01-21,0.0093085106383
2442,2014-01-22,-0.00909090909091
2443,2014-01-23,0.00771174046005
2444,2014-01-24,-0.0104235387254
2445,2014-01-27,-0.0068
2446,2014-01-28,0.00939723452812
2447,2014-01-29,-0.00651682404575
2448,2014-01-30,-0.00294511378849
2449,2014-01-31,0.00182599355532
2450,2014-02-03,-0.00075050927415
2451,2014-02-04,0.0
2452,2014-02-05,0.00992489270386
2453,2014-02-06,-0.00982735723772
2454,2014-02-07,0.0
2455,2014-02-10,0.00187768240343
2456,2014-02-11,0.000133868808567
2457,2014-02-12,0.00120465801098
2458,2014-02-13,-0.00120320855615
2459,2014-02-14,0.00152590014724
2460,2014-02-17,0.00636159521009
2461,2014-02-18,-0.00796812749004
2462,2014-02-19,0.0053547523427
2463,2014-02-20,-0.00213049267643
2464,2014-02-21,-0.00080064051241
2465,2014-02-24,0.000667735042735
2466,2014-02-25,-0.00173495262245
2467,2014-02-26,-0.00133689839572
2468,2014-02-27,0.0
2469,2014-02-28,-0.00214190093708
2470,2014-03-03,-0.00187818620875
2471,2014-03-04,0.00403225806452
2472,2014-03-05,0.0
2473,2014-03-06,-0.00508701472557
2474,2014-03-07,0.0051130247578
2475,2014-03-10,-0.004953145917
2476,2014-03-11,0.00121081662855
2477,2014-03-12,-0.00295619457135
2478,2014-03-13,-0.00269541778976
2479,2014-03-14,-0.03
2480,2014-03-17,-0.00459738088604
2481,2014-03-18,-0.00153953813856
2482,2014-03-19,0.00866274179983
2483,2014-03-20,-0.00928319297368
2484,2014-03-21,0.00701360639641
2485,2014-03-24,-0.00195013233041
2486,2014-03-25,-0.0036287508723
2487,2014-03-26,0.00168090769015
2488,2014-03-27,-0.0121661306111
2489,2014-03-28,-0.0168459796149
2490,2014-03-31,0.0132469402448
2491,2014-04-01,0.0164842972858
2492,2014-04-02,0.00629106668531
2493,2014-04-03,-0.00277854959711
2494,2014-04-04,-0.0066870994706
2495,2014-04-07,0.00420757363254
2496,2014-04-08,-0.00558659217877
2497,2014-04-09,0.00421348314607
2498,2014-04-10,-0.00223776223776
2499,2014-04-11,-0.000841042893188
2500,2014-04-14,0.0148428731762
2501,2014-04-15,-0.00425778982001
2502,2014-04-16,0.0113841454949
2503,2014-04-17,0.00562800274537
2504,2014-04-22,0.001365001365
2505,2014-04-23,-0.00245365321701
2506,2014-04-24,-0.00109319486198
2507,2014-04-25,-0.00642954856361
2508,2014-04-28,-0.00234063059342
2509,2014-04-29,0.00510626552581
2510,2014-04-30,0.00137306055197
2511,2014-05-02,-0.00370218017277
2512,2014-05-05,-0.000275254610515
2513,2014-05-06,0.00536894273128
2514,2014-05-07,-0.00547720115021
2515,2014-05-08,0.00151452567809
2516,2014-05-09,0.00756117679406
2517,2014-05-12,0.00996043116387
2518,2014-05-13,0.00270197243988
2519,2014-05-14,-0.00242522231205
2520,2014-05-15,0.00378173960022
2521,2014-05-16,-0.0114370290635
2522,2014-05-19,0.0017694296992
2523,2014-05-20,0.00717391304348
2524,2014-05-21,-0.00253615368012
2525,2014-05-22,-0.000405734379226
2526,2014-05-23,-0.00108239751049
2527,2014-05-26,0.000948124068807
2528,2014-05-27,0.00297699594046
2529,2014-05-28,0.00715056664868
2530,2014-05-29,-0.00830542531815
2531,2014-05-30,0.0
2532,2014-06-02,0.00513305416723
2533,2014-06-03,-0.00376293508937
2534,2014-06-04,0.000404694455686
2535,2014-06-05,0.00121359223301
2536,2014-06-06,0.00215488215488
2537,2014-06-09,0.00309098239484
2538,2014-06-10,-0.00576098606645
2539,2014-06-11,0.00619862552217
2540,2014-06-12,-0.00254452926209
2541,2014-06-13,-0.0112781954887
2542,2014-06-16,0.00203693644758
2543,2014-06-17,0.00298143379862
2544,2014-06-18,0.00297257127415
2545,2014-06-19,0.000269432843864
2546,2014-06-20,-0.00390572390572
2547,2014-06-23,0.0112222823148
2548,2014-06-24,0.00280786201364
2549,2014-06-25,-0.0072
2550,2014-06-26,0.000268600590921
2551,2014-06-27,-0.00563909774436
2552,2014-06-30,0.00297056440724
2553,2014-07-01,0.00538502961766
2554,2014-07-02,-0.000803427959293
2555,2014-07-03,0.00643259179845
2556,2014-07-04,-0.00186418109188
2557,2014-07-07,0.00987193169691
2558,2014-07-08,0.0169352708058
2559,2014-07-09,0.0025980099244
2560,2014-07-10,-0.0508149568552
2561,2014-07-11,0.0045045045045
2562,2014-07-14,0.00597907324365
2563,2014-07-15,0.00364717006619
2564,2014-07-16,-0.00417227456258
2565,2014-07-17,-0.0108122719286
2566,2014-07-18,0.00136630687252
2567,2014-07-21,-0.00545777050075
2568,2014-07-22,0.00425298394842
2569,2014-07-23,-0.00150273224044
2570,2014-07-24,0.00218908195376
2571,2014-07-25,0.00696245733788
2572,2014-07-28,-0.0136930585683
2573,2014-07-29,0.0107216494845
2574,2014-07-30,-0.000271997824017
2575,2014-07-31,-0.00299279009659
2576,2014-08-01,0.00491199345068
2577,2014-08-04,0.000135777325187
2578,2014-08-05,-0.000814553353245
2579,2014-08-06,-0.00149456521739
2580,2014-08-07,-0.00149680228603
2581,2014-08-08,-0.00899427636958
2582,2014-08-11,0.0105885588559
2583,2014-08-12,0.000272145870187
2584,2014-08-13,-0.00231261052918
2585,2014-08-14,0.00340878101991
2586,2014-08-15,-0.000951216197853
2587,2014-08-18,-0.00448857453754
2588,2014-08-19,0.00642164230086
2589,2014-08-20,-0.000135758892207
2590,2014-08-21,0.0
2591,2014-08-22,0.000135777325187
2592,2014-08-25,-0.000814553353245
2593,2014-08-26,0.000815217391304
2594,2014-08-27,-0.000135758892207
2595,2014-08-28,0.000135777325187
2596,2014-08-29,0.0
2597,2014-09-01,0.0138474070052
2598,2014-09-02,-0.00388323513658
2599,2014-09-03,-0.00362952009679
2600,2014-09-04,-0.00148407987048
2601,2014-09-05,0.00229698689366
2602,2014-09-08,0.00835804799137
2603,2014-09-09,0.0
2604,2014-09-10,-0.00347593582888
2605,2014-09-11,-0.0095250872015
2606,2014-09-12,-0.00270892591088
2607,2014-09-15,-0.00258046991715
2608,2014-09-16,-0.00558278867102
2609,2014-09-17,-0.0024647405176
2610,2014-09-18,0.001921757035
2611,2014-09-19,0.00561720783669
2612,2014-09-22,-0.00367847411444
2613,2014-09-23,0.00136742786818
2614,2014-09-24,-0.0024580090127
2615,2014-09-25,-0.000684462696783
2616,2014-09-26,0.00178082191781
2617,2014-09-29,0.00273485573636
2618,2014-09-30,0.00477294422474
2619,2014-10-01,-0.00472312703583
2620,2014-10-02,-0.00261822942235
2621,2014-10-03,-0.00423844681433
2622,2014-10-06,-0.00162021145132
2623,2014-10-07,-0.00134778303444
2624,2014-10-08,-0.00424160630181
2625,2014-10-09,0.00730229856443
2626,2014-10-10,-0.0226817145838
2627,2014-10-13,-0.00455171251159
2628,2014-10-14,-0.0148183691326
2629,2014-10-15,-0.00091680036672
2630,2014-10-16,-0.02274030741
2631,2014-10-17,0.0107690953373
2632,2014-10-20,0.0112930383789
2633,2014-10-21,0.00760729151715
2634,2014-10-22,0.00413105413105
2635,2014-10-23,0.000226982550716
2636,2014-10-24,0.00604203897541
2637,2014-10-27,-0.00747194496137
2638,2014-10-28,0.00471577512002
2639,2014-10-29,0.00409986710776
2640,2014-10-30,0.00580085604866
2641,2014-10-31,0.00411557198051
2642,2014-11-03,-0.00181235187509
2643,2014-11-04,-0.0168156424581
2644,2014-11-05,0.0121313711006
2645,2014-11-06,0.00718596491228
2646,2014-11-07,-0.00549037094841
2647,2014-11-10,0.00672570339648
2648,2014-11-11,0.000167019262888
2649,2014-11-12,-0.00228221541887
2650,2014-11-13,0.00359852711448
2651,2014-11-14,-5.55910720737e-05
2652,2014-11-17,0.00353022932592
2653,2014-11-18,0.00603844662346
2654,2014-11-19,0.00470814977974
2655,2014-11-20,0.00249376558603
2656,2014-11-21,0.00571319228036
2657,2014-11-24,-0.000842597374358
2658,2014-11-25,0.00272034820457
2659,2014-11-26,0.000461204557786
2660,2014-11-27,0.00604712964721
2661,2014-11-28,0.00436657681941
2662,2014-12-01,-0.00606516021684
2663,2014-12-02,0.000999027972783
2664,2014-12-03,-0.00320988320341
2665,2014-12-04,-0.00335552308275
2666,2014-12-05,0.00371979364648
2667,2014-12-08,0.00194768306868
2668,2014-12-09,-0.00356381111801
2669,2014-12-10,0.00552740672501
2670,2014-12-11,-0.00827247985772
2671,2014-12-12,0.000434735354853
2672,2014-12-15,0.00491580662683
2673,2014-12-16,-0.0193778546526
2674,2014-12-17,0.010583177158
2675,2014-12-18,-0.020835605978
2676,2014-12-19,-0.0239249108734
2677,2014-12-22,-0.006648594664
2678,2014-12-23,0.00540043663105
2679,2014-12-29,-0.00408571428571
2680,2014-12-30,0.00797544252231
2681,2015-01-02,0.002419240074
2682,2015-01-05,-0.00692788188529
2683,2015-01-06,0.0106930466606
2684,2015-01-07,0.00486562942008
2685,2015-01-08,-0.00427903834244
2686,2015-01-09,-0.00817076618603
2687,2015-01-12,-0.00230894216242
2688,2015-01-13,0.0194571428571
2689,2015-01-14,0.00664219052157
2690,2015-01-15,-0.0100228297789
2691,2015-01-16,-0.0512402272344
2692,2015-01-19,0.0113528574816
2693,2015-01-20,-5.86183651339e-05
2694,2015-01-21,0.00117243602896
2695,2015-01-22,0.00670433586088
2696,2015-01-23,-0.00273367067993
2697,2015-01-26,0.0181091799837
2698,2015-01-27,-0.00833500415318
2699,2015-01-28,-0.00326382069205
2700,2015-01-29,-0.0046074936973
2701,2015-01-30,-0.00308588064047
2702,2015-02-02,-0.000467235136082
2703,2015-02-03,0.00508355732149
2704,2015-02-04,0.00430207546073
2705,2015-02-05,-0.0010998552822
2706,2015-02-06,-0.00762053778396
2707,2015-02-09,0.00140150077375
2708,2015-02-10,-0.00390704726361
2709,2015-02-11,0.00365892925094
2710,2015-02-12,0.00209986000933
2711,2015-02-13,0.00305587892899
2712,2015-02-16,0.000261134484259
2713,2015-02-17,0.00281371468353
2714,2015-02-18,0.00240085620896
2715,2015-02-19,0.0112541120794
2716,2015-02-20,0.00701974660427
2717,2015-02-23,0.00444885236611
2718,2015-02-24,0.00558580415832
2719,2015-02-25,0.00418010941226
2720,2015-02-26,0.00167625859083
2721,2015-02-27,-0.00780944943381
2722,2015-03-02,0.00168662506325
2723,2015-03-03,-0.000589324802155
2724,2015-03-04,0.00219021143964
2725,2015-03-05,-0.000728474965678
2726,2015-03-06,-0.00381326230198
2727,2015-03-09,0.00489740775141
2728,2015-03-10,-0.00565778786096
2729,2015-03-11,0.00264781273767
2730,2015-03-12,0.00227560050569
2731,2015-03-13,0.00067272115708
2732,2015-03-16,-0.00490196078431
2733,2015-03-17,0.000985221674877
2734,2015-03-18,-0.00174353205849
2735,2015-03-19,0.00129584765339
2736,2015-03-20,0.00551429214495
2737,2015-03-23,0.000335758254057
2738,2015-03-24,0.00679682255538
2739,2015-03-25,-0.0136407834421
2740,2015-03-26,0.011716989635
2741,2015-03-27,-0.0102171492205
2742,2015-03-30,0.00959131437572
2743,2015-03-31,-0.00122583161531
2744,2015-04-01,0.000836820083682
2745,2015-04-02,-0.00142140468227
2746,2015-04-07,-0.00142342794943
2747,2015-04-08,0.00897199396277
2748,2015-04-09,-0.00387822377351
2749,2015-04-10,-0.00442170249451
2750,2015-04-13,0.000195530726257
2751,2015-04-14,0.00217834501634
2752,2015-04-15,-0.000501602340811
2753,2015-04-16,0.00920065798645
2754,2015-04-17,-0.0184269414592
2755,2015-04-20,-0.0371517027864
2756,2015-04-21,-0.00748319204911
2757,2015-04-22,-0.000117806444012
2758,2015-04-23,-0.0468335787923
2759,2015-04-24,-0.00927070457355
2760,2015-04-27,0.136275733001
2761,2015-04-28,0.0110077136347
2762,2015-04-29,-0.00515883790388
2763,2015-04-30,0.00231986899563
2764,2015-05-04,-0.00313138189244
2765,2015-05-05,0.00218519530183
2766,2015-05-06,-0.000136276914691
2767,2015-05-07,-0.00381627368134
2768,2015-05-08,0.000218908195376
2769,2015-05-11,-8.20726068998e-05
2770,2015-05-12,0.00164158686731
2771,2015-05-13,-0.00374214695438
2772,2015-05-14,0.00457872947112
2773,2015-05-15,0.000573144104804
2774,2015-05-18,0.00231854013802
2775,2015-05-19,-0.00225874925162
2776,2015-05-20,0.00174562910837
2777,2015-05-21,-0.000136139624799
2778,2015-05-22,0.000517401013017
2779,2015-05-25,0.0065049944204
2780,2015-05-26,-0.00905895078421
2781,2015-05-27,0.000573065902579
2782,2015-05-28,0.00158184694267
2783,2015-05-29,-0.00155211850561
2784,2015-06-01,0.0024545231407
2785,2015-06-02,-0.002502924613
2786,2015-06-03,0.000109095867994
2787,2015-06-04,0.000627232812457
2788,2015-06-05,-5.45077946147e-05
2789,2015-06-08,-0.00452439356773
2790,2015-06-09,-8.21377724236e-05
2791,2015-06-10,0.00194408696366
2792,2015-06-11,-0.00286947966769
2793,2015-06-12,-0.00200071258256
2794,2015-06-15,-0.00156533201516
2795,2015-06-16,0.000687625491652
2796,2015-06-17,0.00582705733605
2797,2015-06-18,0.000464557031207
2798,2015-06-19,-0.00254022015241
2799,2015-06-22,0.000684593898899
2800,2015-06-23,-0.00514462414142
2801,2015-06-24,0.00126530050887
2802,2015-06-25,0.00601631823302
2803,2015-06-26,-0.00456034953577
2804,2015-06-29,-0.00617233149535
2805,2015-06-30,0.00292591365794
2806,2015-07-01,0.00368800572467
2807,2015-07-02,0.000383898212131
2808,2015-07-03,-0.00137053889589
2809,2015-07-06,0.00260759771629
2810,2015-07-07,-0.000438032140608
2811,2015-07-08,-0.00503957711375
2812,2015-07-09,0.00311063396372
2813,2015-07-10,0.00581778265642
2814,2015-07-13,-0.00139146567718
2815,2015-07-14,0.00461736018142
2816,2015-07-15,-0.00212129453359
2817,2015-07-16,0.00212580398997
2818,2015-07-17,0.00598313842807
2819,2015-07-20,-0.0081103000811
2820,2015-07-21,-0.000408830744072
2821,2015-07-22,0.000218132242672
2822,2015-07-23,-0.00199002262628
2823,2015-07-24,0.000109259765092
2824,2015-07-27,-0.000655486972196
2825,2015-07-28,0.003580213173
2826,2015-07-29,0.00187903379538
2827,2015-07-30,-0.00269094862734
2828,2015-07-31,-0.000572347442152
2829,2015-08-03,0.000272702481593
2830,2015-08-04,-0.000545256270447
2831,2015-08-05,0.00218221494817
2832,2015-08-06,-0.00108873162765
2833,2015-08-07,0.00193460490463
2834,2015-08-10,0.00106061842213
2835,2015-08-11,5.43330616679e-05
2836,2015-08-12,-0.000597631207215
2837,2015-08-13,-0.00108725197064
2838,2015-08-14,0.0011156462585
2839,2015-08-17,-0.000761055692968
2840,2015-08-18,-0.00195849087398
2841,2015-08-19,0.00160802376605
2842,2015-08-20,-0.00136054421769
2843,2015-08-21,-0.00572207084469
2844,2015-08-24,-0.0117840504248
2845,2015-08-25,0.00582362728785
2846,2015-08-26,0.0129583677971
2847,2015-08-27,-0.00163309744148
2848,2015-08-28,-0.00190839694656
2849,2015-08-31,-0.0305927342256
2850,2015-09-01,-0.000225415610031
2851,2015-09-02,0.00512936136633
2852,2015-09-03,-0.0070379093764
2853,2015-09-04,-8.47146528113e-05
2854,2015-09-07,-0.00189212086981
2855,2015-09-08,0.00472512237218
2856,2015-09-09,-0.00788510278795
2857,2015-09-10,0.00482543286971
2858,2015-09-11,0.000564971751413
2859,2015-09-14,-0.00138339920949
2860,2015-09-15,0.00364705549744
2861,2015-09-16,-0.00619718309859
2862,2015-09-17,-0.000510204081633
2863,2015-09-18,0.00164483012875
2864,2015-09-21,-0.000679501698754
2865,2015-09-22,0.00351314596555
2866,2015-09-23,-0.00304912478826
2867,2015-09-24,0.00342659719076
2868,2015-09-25,-0.00677334688003
2869,2015-09-28,0.00304037734777
2870,2015-09-29,-0.00169971671388
2871,2015-09-30,0.00312145289444
2872,2015-10-01,0.000707213578501
2873,2015-10-02,0.000706713780919
2874,2015-10-05,-0.00225988700565
2875,2015-10-06,0.000849377123443
2876,2015-10-07,0.0
2877,2015-10-08,-0.00551626591231
2878,2015-10-09,0.00412459109657
2879,2015-10-12,0.00396600566572
2880,2015-10-13,-0.00225733634312
2881,2015-10-14,-0.00169683257919
2882,2015-10-15,-0.0014164305949
2883,2015-10-16,0.0
2884,2015-10-19,0.00283687943262
2885,2015-10-20,-0.0036775106082
2886,2015-10-21,-0.000567859170925
2887,2015-10-22,0.00142045454545
2888,2015-10-23,-0.000567375886525
2889,2015-10-26,0.00340618790803
2890,2015-10-27,-0.001414427157
2891,2015-10-28,0.00184135977337
2892,2015-10-29,-0.000424148169094
2893,2015-10-30,0.002828854314
2894,2015-11-02,0.000282087447109
2895,2015-11-03,-0.000282007896221
2896,2015-11-04,0.0
2897,2015-11-05,-0.00267983074753
2898,2015-11-06,0.00268703153727
2899,2015-11-09,0.00310296191819
2900,2015-11-10,-0.00323397075366
2901,2015-11-11,0.00296233601354
2902,2015-11-12,-0.00604781997187
2903,2015-11-13,0.000424508277911
2904,2015-11-16,0.00537482319661
2905,2015-11-17,-0.00756893640968
2906,2015-11-18,0.0101783334751
2907,2015-11-19,-0.00701655907943
2908,2015-11-20,-0.000282645562465
2909,2015-11-23,0.0
2910,2015-11-24,0.00452360757704
2911,2015-11-25,-0.00450323670138
2912,2015-11-26,0.00356234096692
2913,2015-11-27,-0.00135226504395
2914,2015-11-30,0.00527533288197
2915,2015-12-01,-0.000982180440578
2916,2015-12-02,0.00224719101124
2917,2015-12-03,-0.00224215246637
2918,2015-12-04,0.00266853932584
2919,2015-12-07,-0.00126068076761
2920,2015-12-08,-0.00255259467041
2921,2015-12-09,0.00171545881493
2922,2015-12-10,-0.000561482313307
2923,2015-12-11,0.0
2924,2015-12-14,-0.00373595505618
2925,2015-12-15,0.00671046324753
2926,2015-12-16,-0.0025206553704
2927,2015-12-17,-0.000280780569985
2928,2015-12-18,0.00550484482517
2929,2015-12-21,-2.79321806655e-05
